system_prompt,user_prompt,output
"<role>
You are a strict SQL query correction engine.
</role>

<instructions>
You will receive a SQL query and an error message.

1. If the error message is empty or missing, return the given SQL query EXACTLY as provided, without any modification.
2. If the error message is not empty, analyze it and produce a corrected version of the given SQL query that fixes the described error. Keep all other parts of the query unchanged; only fix what the error requires.
3. If the query contains the wrong value in the where clause of the reason table, correct the query with the correct value.
4. Never explain your reasoning, never add comments, never add markdown code fences.
5. Output ONLY a single valid JSON object in exactly this format, with no additional text before or after it:
{""final_query"": ""GENERATED_SQL""}
6. The value of ""final_query"" must be a single valid SQL string. Escape any double quotes or newlines inside it so the JSON stays valid.
</instructions>","Database schema:
Table: category
  - id (Integer, primary key)
  - name (String(255), unique, not null)

Table: reason
  - id (Integer, primary key)
  - reason (Text, not null, unique)

Table: category_reason_association
  - category_id (Integer, FK -> category.id, primary key)
  - reason_id (Integer, FK -> reason.id, primary key)

Relationships:
  - category.reasons <-> reason.categories (many-to-many via category_reason_association)


BPMN Activity Field:
<ns0:task xmlns:ns0=""http://www.omg.org/spec/BPMN/20100524/MODEL"" xmlns:ns1=""http://www.signavio.com"" completionQuantity=""1"" id=""sid-8018CC06-69E9-4E62-977B-E441C039AEF0"" isForCompensation=""false"" name=""Perform colonoskopy"" startQuantity=""1"">
         <ns0:extensionElements>
            <ns1:signavioMetaData metaKey=""bgcolor"" metaValue=""#ffffcc"" />
            <ns1:signavioMetaData metaKey=""bordercolor"" metaValue=""#000000"" />
         </ns0:extensionElements>
         <ns0:incoming>sid-8DC9160B-2D71-4527-88F1-5AE548CEF0A7</ns0:incoming>
         <ns0:outgoing>sid-1D05D223-8864-4640-B8CF-0C4A48100E20</ns0:outgoing>
      </ns0:task>
      

Generated SQL:
SELECT r.reason FROM reason r JOIN category_reason_association cra ON r.id = cra.reason_id JOIN category c ON cra.category_id = c.id WHERE c.name = 'Usage';

Error:


Intent:
Usage

Reason of Intent:
Uses personal data – processes data for operational, analytical, or business purposes.,Uses personal data - processes data for operational, analytical, or business purposes.,Uses personal data – processes data for operational, analytical, or business purposes
,Uses personal data – processes data for operational, analytical, or business purposes. If the customer is a natural person or the organization has a contact person.,Uses personal data – processes data for operational, analytical, or business purposes. If the customer is a natural person or a n organization with a contact person. If the customer is a natural person or a n organization with a contact person.,Uses personal data – processes data for operational, analytical, or business purposes,Uses personal data (to decide medication), Stores personal data (in medical records),Uses personal data – processes data for operational, analytical, or business purposes.
Collects personal health data – gathers health information about natural persons.",SELECT r.reason FROM reason r JOIN category_reason_association cra ON r.id = cra.reason_id JOIN category c ON cra.category_id = c.id WHERE c.name = 'Usage';
,"[{'role': 'system', 'content': ''}, {'role': 'user', 'content': 'Validate the following SQL query.\n\nActivity field:\n<ns0:task xmlns:ns0=""http://www.omg.org/spec/BPMN/20100524/MODEL"" xmlns:ns1=""http://www.signavio.com"" completionQuantity=""1"" id=""sid-8018CC06-69E9-4E62-977B-E441C039AEF0"" isForCompensation=""false"" name=""Perform colonoskopy"" startQuantity=""1"">\n         <ns0:extensionElements>\n            <ns1:signavioMetaData metaKey=""bgcolor"" metaValue=""#ffffcc"" />\n            <ns1:signavioMetaData metaKey=""bordercolor"" metaValue=""#000000"" />\n         </ns0:extensionElements>\n         <ns0:incoming>sid-8DC9160B-2D71-4527-88F1-5AE548CEF0A7</ns0:incoming>\n         <ns0:outgoing>sid-1D05D223-8864-4640-B8CF-0C4A48100E20</ns0:outgoing>\n      </ns0:task>\n      \n\nDatabase schema:\nTable: category\n  - id (Integer, primary key)\n  - name (String(255), unique, not null)\n\nTable: reason\n  - id (Integer, primary key)\n  - reason (Text, not null, unique)\n\nTable: category_reason_association\n  - category_id (Integer, FK -> category.id, primary key)\n  - reason_id (Integer, FK -> reason.id, primary key)\n\nRelationships:\n  - category.reasons <-> reason.categories (many-to-many via category_reason_association)\n\n\nCurrent intention:\nUsage\n\nCurrent SQL query:\nSELECT r.reason FROM reason r JOIN category_reason_association cra ON r.id = cra.reason_id JOIN category c ON cra.category_id = c.id WHERE c.name = \'Usage\';'}, {'role': 'user', 'content': 'Die verfügbaren Intentionen sind: [""Collection"", ""Storage"", ""Usage"", ""Transferal"", ""Updated"", ""Deletion"", ""Access""]'}, {'role': 'user', 'content': 'Die verfügbaren Reasons der category  sind: [""Uses personal data \\u2013 processes data for operational, analytical, or business purposes."", ""Uses personal data - processes data for operational, analytical, or business purposes."", ""Uses personal data \\u2013 processes data for operational, analytical, or business purposes\\n"", ""Uses personal data \\u2013 processes data for operational, analytical, or business purposes. If the customer is a natural person or the organization has a contact person."", ""Uses personal data \\u2013 processes data for operational, analytical, or business purposes. If the customer is a natural person or a n organization with a contact person. If the customer is a natural person or a n organization with a contact person."", ""Uses personal data \\u2013 processes data for operational, analytical, or business purposes"", ""Uses personal data (to decide medication), Stores personal data (in medical records)"", ""Uses personal data \\u2013 processes data for operational, analytical, or business purposes.\\nCollects personal health data \\u2013 gathers health information about natural persons.""]'}]","intention_status='unchanged' reason_status='unchanged' intention='Usage' reason='Uses personal data - processes data for operational, analytical, or business purposes.' final_query=""SELECT r.reason FROM reason r JOIN category_reason_association cra ON r.id = cra.reason_id JOIN category c ON cra.category_id = c.id WHERE c.name = 'Usage';"""
"<role>
You are a strict SQL query correction engine.
</role>

<instructions>
You will receive a SQL query and an error message.

1. If the error message is empty or missing, return the given SQL query EXACTLY as provided, without any modification.
2. If the error message is not empty, analyze it and produce a corrected version of the given SQL query that fixes the described error. Keep all other parts of the query unchanged; only fix what the error requires.
3. If the query contains the wrong value in the where clause of the reason table, correct the query with the correct value.
4. Never explain your reasoning, never add comments, never add markdown code fences.
5. Output ONLY a single valid JSON object in exactly this format, with no additional text before or after it:
{""final_query"": ""GENERATED_SQL""}
6. The value of ""final_query"" must be a single valid SQL string. Escape any double quotes or newlines inside it so the JSON stays valid.
</instructions>","Database schema:
Table: category
  - id (Integer, primary key)
  - name (String(255), unique, not null)

Table: reason
  - id (Integer, primary key)
  - reason (Text, not null, unique)

Table: category_reason_association
  - category_id (Integer, FK -> category.id, primary key)
  - reason_id (Integer, FK -> reason.id, primary key)

Relationships:
  - category.reasons <-> reason.categories (many-to-many via category_reason_association)


BPMN Activity Field:
<ns0:task xmlns:ns0=""http://www.omg.org/spec/BPMN/20100524/MODEL"" xmlns:ns1=""http://www.signavio.com"" completionQuantity=""1"" id=""sid-5DA96990-76B4-40D0-88B6-915685E7E279"" isForCompensation=""false"" name=""Check electrolytes"" startQuantity=""1"">
         <ns0:extensionElements>
            <ns1:signavioMetaData metaKey=""bgcolor"" metaValue=""#ffffcc"" />
            <ns1:signavioMetaData metaKey=""bordercolor"" metaValue=""#000000"" />
         </ns0:extensionElements>
         <ns0:incoming>sid-1D05D223-8864-4640-B8CF-0C4A48100E20</ns0:incoming>
         <ns0:outgoing>sid-399D5DD9-C1BD-4168-9315-931688E06B7C</ns0:outgoing>
      </ns0:task>
      

Generated SQL:
SELECT r.reason FROM reason r JOIN category_reason_association cra ON r.id = cra.reason_id JOIN category c ON c.id = cra.category_id WHERE c.name = 'Usage';

Error:


Intent:
Usage

Reason of Intent:
Uses personal data – processes data for operational, analytical, or business purposes.,Uses personal data - processes data for operational, analytical, or business purposes.,Uses personal data – processes data for operational, analytical, or business purposes
,Uses personal data – processes data for operational, analytical, or business purposes. If the customer is a natural person or the organization has a contact person.,Uses personal data – processes data for operational, analytical, or business purposes. If the customer is a natural person or a n organization with a contact person. If the customer is a natural person or a n organization with a contact person.,Uses personal data – processes data for operational, analytical, or business purposes,Uses personal data (to decide medication), Stores personal data (in medical records),Uses personal data – processes data for operational, analytical, or business purposes.
Collects personal health data – gathers health information about natural persons.",SELECT r.reason FROM reason r JOIN category_reason_association cra ON r.id = cra.reason_id JOIN category c ON c.id = cra.category_id WHERE c.name = 'Usage';
,"[{'role': 'system', 'content': ''}, {'role': 'user', 'content': 'Validate the following SQL query.\n\nActivity field:\n<ns0:task xmlns:ns0=""http://www.omg.org/spec/BPMN/20100524/MODEL"" xmlns:ns1=""http://www.signavio.com"" completionQuantity=""1"" id=""sid-5DA96990-76B4-40D0-88B6-915685E7E279"" isForCompensation=""false"" name=""Check electrolytes"" startQuantity=""1"">\n         <ns0:extensionElements>\n            <ns1:signavioMetaData metaKey=""bgcolor"" metaValue=""#ffffcc"" />\n            <ns1:signavioMetaData metaKey=""bordercolor"" metaValue=""#000000"" />\n         </ns0:extensionElements>\n         <ns0:incoming>sid-1D05D223-8864-4640-B8CF-0C4A48100E20</ns0:incoming>\n         <ns0:outgoing>sid-399D5DD9-C1BD-4168-9315-931688E06B7C</ns0:outgoing>\n      </ns0:task>\n      \n\nDatabase schema:\nTable: category\n  - id (Integer, primary key)\n  - name (String(255), unique, not null)\n\nTable: reason\n  - id (Integer, primary key)\n  - reason (Text, not null, unique)\n\nTable: category_reason_association\n  - category_id (Integer, FK -> category.id, primary key)\n  - reason_id (Integer, FK -> reason.id, primary key)\n\nRelationships:\n  - category.reasons <-> reason.categories (many-to-many via category_reason_association)\n\n\nCurrent intention:\nUsage\n\nCurrent SQL query:\nSELECT r.reason FROM reason r JOIN category_reason_association cra ON r.id = cra.reason_id JOIN category c ON c.id = cra.category_id WHERE c.name = \'Usage\';'}, {'role': 'user', 'content': 'Die verfügbaren Intentionen sind: [""Collection"", ""Storage"", ""Usage"", ""Transferal"", ""Updated"", ""Deletion"", ""Access""]'}, {'role': 'user', 'content': 'Die verfügbaren Reasons der category  sind: [""Uses personal data \\u2013 processes data for operational, analytical, or business purposes."", ""Uses personal data - processes data for operational, analytical, or business purposes."", ""Uses personal data \\u2013 processes data for operational, analytical, or business purposes\\n"", ""Uses personal data \\u2013 processes data for operational, analytical, or business purposes. If the customer is a natural person or the organization has a contact person."", ""Uses personal data \\u2013 processes data for operational, analytical, or business purposes. If the customer is a natural person or a n organization with a contact person. If the customer is a natural person or a n organization with a contact person."", ""Uses personal data \\u2013 processes data for operational, analytical, or business purposes"", ""Uses personal data (to decide medication), Stores personal data (in medical records)"", ""Uses personal data \\u2013 processes data for operational, analytical, or business purposes.\\nCollects personal health data \\u2013 gathers health information about natural persons.""]'}]","intention_status='unchanged' reason_status='changed' intention='Usage' reason='The SQL query correctly joins the tables and filters by the category name ""Usage"", retrieving the associated reasons.' final_query=""SELECT r.reason FROM reason r JOIN category_reason_association cra ON r.id = cra.reason_id JOIN category c ON c.id = cra.category_id WHERE c.name = 'Usage';"""
,"[{'role': 'system', 'content': ''}, {'role': 'user', 'content': 'Validate the following SQL query.\n\nActivity field:\n<ns0:task xmlns:ns0=""http://www.omg.org/spec/BPMN/20100524/MODEL"" xmlns:ns1=""http://www.signavio.com"" completionQuantity=""1"" id=""sid-5DA96990-76B4-40D0-88B6-915685E7E279"" isForCompensation=""false"" name=""Check electrolytes"" startQuantity=""1"">\n         <ns0:extensionElements>\n            <ns1:signavioMetaData metaKey=""bgcolor"" metaValue=""#ffffcc"" />\n            <ns1:signavioMetaData metaKey=""bordercolor"" metaValue=""#000000"" />\n         </ns0:extensionElements>\n         <ns0:incoming>sid-1D05D223-8864-4640-B8CF-0C4A48100E20</ns0:incoming>\n         <ns0:outgoing>sid-399D5DD9-C1BD-4168-9315-931688E06B7C</ns0:outgoing>\n      </ns0:task>\n      \n\nDatabase schema:\nTable: category\n  - id (Integer, primary key)\n  - name (String(255), unique, not null)\n\nTable: reason\n  - id (Integer, primary key)\n  - reason (Text, not null, unique)\n\nTable: category_reason_association\n  - category_id (Integer, FK -> category.id, primary key)\n  - reason_id (Integer, FK -> reason.id, primary key)\n\nRelationships:\n  - category.reasons <-> reason.categories (many-to-many via category_reason_association)\n\n\nCurrent intention:\nUsage\n\nCurrent SQL query:\nSELECT r.reason FROM reason r JOIN category_reason_association cra ON r.id = cra.reason_id JOIN category c ON c.id = cra.category_id WHERE c.name = \'Usage\';'}, {'role': 'user', 'content': 'Die verfügbaren Intentionen sind: [""Collection"", ""Storage"", ""Usage"", ""Transferal"", ""Updated"", ""Deletion"", ""Access""]'}, {'role': 'user', 'content': 'Die verfügbaren Reasons der category  sind: [""Uses personal data \\u2013 processes data for operational, analytical, or business purposes."", ""Uses personal data - processes data for operational, analytical, or business purposes."", ""Uses personal data \\u2013 processes data for operational, analytical, or business purposes\\n"", ""Uses personal data \\u2013 processes data for operational, analytical, or business purposes. If the customer is a natural person or the organization has a contact person."", ""Uses personal data \\u2013 processes data for operational, analytical, or business purposes. If the customer is a natural person or a n organization with a contact person. If the customer is a natural person or a n organization with a contact person."", ""Uses personal data \\u2013 processes data for operational, analytical, or business purposes"", ""Uses personal data (to decide medication), Stores personal data (in medical records)"", ""Uses personal data \\u2013 processes data for operational, analytical, or business purposes.\\nCollects personal health data \\u2013 gathers health information about natural persons.""]'}, {'role': 'user', 'content': 'The previous validation changed the intention or reason. Validate the corrected query again.\n\nCurrent intention: Usage\nCurrent reason: The SQL query correctly joins the tables and filters by the category name ""Usage"", retrieving the associated reasons.\nCurrent SQL query:\nSELECT r.reason FROM reason r JOIN category_reason_association cra ON r.id = cra.reason_id JOIN category c ON c.id = cra.category_id WHERE c.name = \'Usage\';'}, {'role': 'user', 'content': 'Die verfügbaren Intentionen sind: [""Collection"", ""Storage"", ""Usage"", ""Transferal"", ""Updated"", ""Deletion"", ""Access""]'}, {'role': 'user', 'content': 'Die verfügbaren Reasons der category  sind: [""Uses personal data \\u2013 processes data for operational, analytical, or business purposes."", ""Uses personal data - processes data for operational, analytical, or business purposes."", ""Uses personal data \\u2013 processes data for operational, analytical, or business purposes\\n"", ""Uses personal data \\u2013 processes data for operational, analytical, or business purposes. If the customer is a natural person or the organization has a contact person."", ""Uses personal data \\u2013 processes data for operational, analytical, or business purposes. If the customer is a natural person or a n organization with a contact person. If the customer is a natural person or a n organization with a contact person."", ""Uses personal data \\u2013 processes data for operational, analytical, or business purposes"", ""Uses personal data (to decide medication), Stores personal data (in medical records)"", ""Uses personal data \\u2013 processes data for operational, analytical, or business purposes.\\nCollects personal health data \\u2013 gathers health information about natural persons.""]'}]","intention_status='unchanged' reason_status='unchanged' intention='Usage' reason='The query correctly joins the tables and filters by the category name ""Usage"", retrieving the associated reasons.' final_query=""SELECT r.reason FROM reason r JOIN category_reason_association cra ON r.id = cra.reason_id JOIN category c ON c.id = cra.category_id WHERE c.name = 'Usage';"""
"<role>
You are a strict SQL query correction engine.
</role>

<instructions>
You will receive a SQL query and an error message.

1. If the error message is empty or missing, return the given SQL query EXACTLY as provided, without any modification.
2. If the error message is not empty, analyze it and produce a corrected version of the given SQL query that fixes the described error. Keep all other parts of the query unchanged; only fix what the error requires.
3. If the query contains the wrong value in the where clause of the reason table, correct the query with the correct value.
4. Never explain your reasoning, never add comments, never add markdown code fences.
5. Output ONLY a single valid JSON object in exactly this format, with no additional text before or after it:
{""final_query"": ""GENERATED_SQL""}
6. The value of ""final_query"" must be a single valid SQL string. Escape any double quotes or newlines inside it so the JSON stays valid.
</instructions>","Database schema:
Table: category
  - id (Integer, primary key)
  - name (String(255), unique, not null)

Table: reason
  - id (Integer, primary key)
  - reason (Text, not null, unique)

Table: category_reason_association
  - category_id (Integer, FK -> category.id, primary key)
  - reason_id (Integer, FK -> reason.id, primary key)

Relationships:
  - category.reasons <-> reason.categories (many-to-many via category_reason_association)


BPMN Activity Field:
<ns0:task xmlns:ns0=""http://www.omg.org/spec/BPMN/20100524/MODEL"" xmlns:ns1=""http://www.signavio.com"" completionQuantity=""1"" id=""sid-97A5C3AA-D6BB-4803-A0AC-D63762A3A69B"" isForCompensation=""false"" name=""Enter patient into surgery board"" startQuantity=""1"">
         <ns0:documentation id=""sid-de67e42b-56d7-449f-bdad-5487986ac6ed"">At the latest 1 day before surgery at 2pm.</ns0:documentation>
         <ns0:extensionElements>
            <ns1:signavioMetaData metaKey=""bgcolor"" metaValue=""#ffffcc"" />
            <ns1:signavioMetaData metaKey=""bordercolor"" metaValue=""#000000"" />
            <ns1:signavioMetaData metaKey=""maximumduration"" metaValue=""5 minutes"" />
         </ns0:extensionElements>
         <ns0:incoming>sid-6B83E151-942B-4B80-871C-0800A0861ADF</ns0:incoming>
         <ns0:outgoing>sid-DBB7315F-6597-4036-8DA7-5C00A3C2EDBD</ns0:outgoing>
         <ns0:ioSpecification id=""sid-97A5C3AA-D6BB-4803-A0AC-D63762A3A69B_iospec"">
            <ns0:dataInput id=""sid-0663d890-0d66-4cfc-b927-be1ab5dbc1a2"" />
            <ns0:inputSet id=""sid-97A5C3AA-D6BB-4803-A0AC-D63762A3A69B_inset"" name=""DefaultInputSet"">
               <ns0:dataInputRefs>sid-0663d890-0d66-4cfc-b927-be1ab5dbc1a2</ns0:dataInputRefs>
               <ns0:outputSetRefs>sid-97A5C3AA-D6BB-4803-A0AC-D63762A3A69B_outset</ns0:outputSetRefs>
            </ns0:inputSet>
            <ns0:outputSet id=""sid-97A5C3AA-D6BB-4803-A0AC-D63762A3A69B_outset"" name=""DefaultOutputSet"">
               <ns0:inputSetRefs>sid-97A5C3AA-D6BB-4803-A0AC-D63762A3A69B_inset</ns0:inputSetRefs>
            </ns0:outputSet>
         </ns0:ioSpecification>
         <ns0:dataInputAssociation id=""sid-24A9896A-6B5D-4CE8-A9AC-1404CBC91C92"">
            <ns0:extensionElements>
               <ns1:signavioMetaData metaKey=""bordercolor"" metaValue=""#000000"" />
            </ns0:extensionElements>
            <ns0:sourceRef>sid-90A259E8-4546-4401-85D0-04488CD747A2</ns0:sourceRef>
            <ns0:targetRef>sid-0663d890-0d66-4cfc-b927-be1ab5dbc1a2</ns0:targetRef>
         </ns0:dataInputAssociation>
      </ns0:task>
      

Generated SQL:
SELECT r.reason FROM reason r JOIN category_reason_association cra ON r.id = cra.reason_id JOIN category c ON cra.category_id = c.id WHERE c.name = 'Collection';

Error:


Intent:
Collection

Reason of Intent:
Collects personal data – gathers information about natural persons., Collects personal data – gathers information about natural persons (PersonalID, departmentID, Time schedule),Collects personal data – gathers information about natural persons (e.g., name, email).,Collects personal data – gathers information about natural persons (speech).,Collects personal health data – gathers health information about natural persons.,Collects personal health data – gathers health information about natural persons.
Stores personal data – saves information in databases, systems, or files.,Patient transport data is filled into a form which includes personal data such as weight, height, name, age etc,Uses personal data – processes data for operational, analytical, or business purposes.
Collects personal health data – gathers health information about natural persons.",SELECT r.reason FROM reason r JOIN category_reason_association cra ON r.id = cra.reason_id JOIN category c ON cra.category_id = c.id WHERE c.name = 'Collection';
,"[{'role': 'system', 'content': ''}, {'role': 'user', 'content': 'Validate the following SQL query.\n\nActivity field:\n<ns0:task xmlns:ns0=""http://www.omg.org/spec/BPMN/20100524/MODEL"" xmlns:ns1=""http://www.signavio.com"" completionQuantity=""1"" id=""sid-97A5C3AA-D6BB-4803-A0AC-D63762A3A69B"" isForCompensation=""false"" name=""Enter patient into surgery board"" startQuantity=""1"">\n         <ns0:documentation id=""sid-de67e42b-56d7-449f-bdad-5487986ac6ed"">At the latest 1 day before surgery at 2pm.</ns0:documentation>\n         <ns0:extensionElements>\n            <ns1:signavioMetaData metaKey=""bgcolor"" metaValue=""#ffffcc"" />\n            <ns1:signavioMetaData metaKey=""bordercolor"" metaValue=""#000000"" />\n            <ns1:signavioMetaData metaKey=""maximumduration"" metaValue=""5 minutes"" />\n         </ns0:extensionElements>\n         <ns0:incoming>sid-6B83E151-942B-4B80-871C-0800A0861ADF</ns0:incoming>\n         <ns0:outgoing>sid-DBB7315F-6597-4036-8DA7-5C00A3C2EDBD</ns0:outgoing>\n         <ns0:ioSpecification id=""sid-97A5C3AA-D6BB-4803-A0AC-D63762A3A69B_iospec"">\n            <ns0:dataInput id=""sid-0663d890-0d66-4cfc-b927-be1ab5dbc1a2"" />\n            <ns0:inputSet id=""sid-97A5C3AA-D6BB-4803-A0AC-D63762A3A69B_inset"" name=""DefaultInputSet"">\n               <ns0:dataInputRefs>sid-0663d890-0d66-4cfc-b927-be1ab5dbc1a2</ns0:dataInputRefs>\n               <ns0:outputSetRefs>sid-97A5C3AA-D6BB-4803-A0AC-D63762A3A69B_outset</ns0:outputSetRefs>\n            </ns0:inputSet>\n            <ns0:outputSet id=""sid-97A5C3AA-D6BB-4803-A0AC-D63762A3A69B_outset"" name=""DefaultOutputSet"">\n               <ns0:inputSetRefs>sid-97A5C3AA-D6BB-4803-A0AC-D63762A3A69B_inset</ns0:inputSetRefs>\n            </ns0:outputSet>\n         </ns0:ioSpecification>\n         <ns0:dataInputAssociation id=""sid-24A9896A-6B5D-4CE8-A9AC-1404CBC91C92"">\n            <ns0:extensionElements>\n               <ns1:signavioMetaData metaKey=""bordercolor"" metaValue=""#000000"" />\n            </ns0:extensionElements>\n            <ns0:sourceRef>sid-90A259E8-4546-4401-85D0-04488CD747A2</ns0:sourceRef>\n            <ns0:targetRef>sid-0663d890-0d66-4cfc-b927-be1ab5dbc1a2</ns0:targetRef>\n         </ns0:dataInputAssociation>\n      </ns0:task>\n      \n\nDatabase schema:\nTable: category\n  - id (Integer, primary key)\n  - name (String(255), unique, not null)\n\nTable: reason\n  - id (Integer, primary key)\n  - reason (Text, not null, unique)\n\nTable: category_reason_association\n  - category_id (Integer, FK -> category.id, primary key)\n  - reason_id (Integer, FK -> reason.id, primary key)\n\nRelationships:\n  - category.reasons <-> reason.categories (many-to-many via category_reason_association)\n\n\nCurrent intention:\nCollection\n\nCurrent SQL query:\nSELECT r.reason FROM reason r JOIN category_reason_association cra ON r.id = cra.reason_id JOIN category c ON cra.category_id = c.id WHERE c.name = \'Collection\';'}, {'role': 'user', 'content': 'Die verfügbaren Intentionen sind: [""Collection"", ""Storage"", ""Usage"", ""Transferal"", ""Updated"", ""Deletion"", ""Access""]'}, {'role': 'user', 'content': 'Die verfügbaren Reasons der category  sind: [""Collects personal data \\u2013 gathers information about natural persons."", "" Collects personal data \\u2013 gathers information about natural persons (PersonalID, departmentID, Time schedule)"", ""Collects personal data \\u2013 gathers information about natural persons (e.g., name, email)."", ""Collects personal data \\u2013 gathers information about natural persons (speech)."", ""Collects personal health data \\u2013 gathers health information about natural persons."", ""Collects personal health data \\u2013 gathers health information about natural persons.\\nStores personal data \\u2013 saves information in databases, systems, or files."", ""Patient transport data is filled into a form which includes personal data such as weight, height, name, age etc"", ""Uses personal data \\u2013 processes data for operational, analytical, or business purposes.\\nCollects personal health data \\u2013 gathers health information about natural persons.""]'}]","intention_status='unchanged' reason_status='unchanged' intention='Collection' reason='Collects personal data – gathers information about natural persons.; Collects personal data – gathers information about natural persons (PersonalID, departmentID, Time schedule); Collects personal data – gathers information about natural persons (e.g., name, email).; Collects personal data – gathers information about natural persons (speech).; Collects personal health data – gathers health information about natural persons.; Collects personal health data – gathers health information about natural persons.\nStores personal data – saves information in databases, systems, or files.; Patient transport data is filled into a form which includes personal data such as weight, height, name, age etc; Uses personal data – processes data for operational, analytical, or business purposes.\nCollects personal health data – gathers health information about natural persons.' final_query=""SELECT r.reason FROM reason r JOIN category_reason_association cra ON r.id = cra.reason_id JOIN category c ON cra.category_id = c.id WHERE c.name = 'Collection';"""
"<role>
You are a strict SQL query correction engine.
</role>

<instructions>
You will receive a SQL query and an error message.

1. If the error message is empty or missing, return the given SQL query EXACTLY as provided, without any modification.
2. If the error message is not empty, analyze it and produce a corrected version of the given SQL query that fixes the described error. Keep all other parts of the query unchanged; only fix what the error requires.
3. If the query contains the wrong value in the where clause of the reason table, correct the query with the correct value.
4. Never explain your reasoning, never add comments, never add markdown code fences.
5. Output ONLY a single valid JSON object in exactly this format, with no additional text before or after it:
{""final_query"": ""GENERATED_SQL""}
6. The value of ""final_query"" must be a single valid SQL string. Escape any double quotes or newlines inside it so the JSON stays valid.
</instructions>","Database schema:
Table: category
  - id (Integer, primary key)
  - name (String(255), unique, not null)

Table: reason
  - id (Integer, primary key)
  - reason (Text, not null, unique)

Table: category_reason_association
  - category_id (Integer, FK -> category.id, primary key)
  - reason_id (Integer, FK -> reason.id, primary key)

Relationships:
  - category.reasons <-> reason.categories (many-to-many via category_reason_association)


BPMN Activity Field:
<ns0:task xmlns:ns0=""http://www.omg.org/spec/BPMN/20100524/MODEL"" xmlns:ns1=""http://www.signavio.com"" completionQuantity=""1"" id=""sid-D0309BAA-2BC7-4866-BD2B-36789C42198D"" isForCompensation=""false"" name=""Collect and evaluate all results"" startQuantity=""1"">
         <ns0:documentation id=""sid-16a5d3b7-99cd-4ea5-921f-5abc84f72d60"">At the latest 3 days before surgery</ns0:documentation>
         <ns0:extensionElements>
            <ns1:signavioMetaData metaKey=""bgcolor"" metaValue=""#ffffcc"" />
            <ns1:signavioMetaData metaKey=""bordercolor"" metaValue=""#000000"" />
         </ns0:extensionElements>
         <ns0:incoming>sid-3ACAC253-2D7B-435B-BCC0-EA8B4B04FF61</ns0:incoming>
         <ns0:outgoing>sid-6B83E151-942B-4B80-871C-0800A0861ADF</ns0:outgoing>
      </ns0:task>
      

Generated SQL:
SELECT r.reason FROM reason r JOIN category_reason_association ca ON r.id = ca.reason_id JOIN category c ON c.id = ca.category_id WHERE c.name = 'Collection';

Error:


Intent:
Collection

Reason of Intent:
Collects personal data – gathers information about natural persons., Collects personal data – gathers information about natural persons (PersonalID, departmentID, Time schedule),Collects personal data – gathers information about natural persons (e.g., name, email).,Collects personal data – gathers information about natural persons (speech).,Collects personal health data – gathers health information about natural persons.,Collects personal health data – gathers health information about natural persons.
Stores personal data – saves information in databases, systems, or files.,Patient transport data is filled into a form which includes personal data such as weight, height, name, age etc,Uses personal data – processes data for operational, analytical, or business purposes.
Collects personal health data – gathers health information about natural persons.",SELECT r.reason FROM reason r JOIN category_reason_association ca ON r.id = ca.reason_id JOIN category c ON c.id = ca.category_id WHERE c.name = 'Collection';
,"[{'role': 'system', 'content': ''}, {'role': 'user', 'content': 'Validate the following SQL query.\n\nActivity field:\n<ns0:task xmlns:ns0=""http://www.omg.org/spec/BPMN/20100524/MODEL"" xmlns:ns1=""http://www.signavio.com"" completionQuantity=""1"" id=""sid-D0309BAA-2BC7-4866-BD2B-36789C42198D"" isForCompensation=""false"" name=""Collect and evaluate all results"" startQuantity=""1"">\n         <ns0:documentation id=""sid-16a5d3b7-99cd-4ea5-921f-5abc84f72d60"">At the latest 3 days before surgery</ns0:documentation>\n         <ns0:extensionElements>\n            <ns1:signavioMetaData metaKey=""bgcolor"" metaValue=""#ffffcc"" />\n            <ns1:signavioMetaData metaKey=""bordercolor"" metaValue=""#000000"" />\n         </ns0:extensionElements>\n         <ns0:incoming>sid-3ACAC253-2D7B-435B-BCC0-EA8B4B04FF61</ns0:incoming>\n         <ns0:outgoing>sid-6B83E151-942B-4B80-871C-0800A0861ADF</ns0:outgoing>\n      </ns0:task>\n      \n\nDatabase schema:\nTable: category\n  - id (Integer, primary key)\n  - name (String(255), unique, not null)\n\nTable: reason\n  - id (Integer, primary key)\n  - reason (Text, not null, unique)\n\nTable: category_reason_association\n  - category_id (Integer, FK -> category.id, primary key)\n  - reason_id (Integer, FK -> reason.id, primary key)\n\nRelationships:\n  - category.reasons <-> reason.categories (many-to-many via category_reason_association)\n\n\nCurrent intention:\nCollection\n\nCurrent SQL query:\nSELECT r.reason FROM reason r JOIN category_reason_association ca ON r.id = ca.reason_id JOIN category c ON c.id = ca.category_id WHERE c.name = \'Collection\';'}, {'role': 'user', 'content': 'Die verfügbaren Intentionen sind: [""Collection"", ""Storage"", ""Usage"", ""Transferal"", ""Updated"", ""Deletion"", ""Access""]'}, {'role': 'user', 'content': 'Die verfügbaren Reasons der category  sind: [""Collects personal data \\u2013 gathers information about natural persons."", "" Collects personal data \\u2013 gathers information about natural persons (PersonalID, departmentID, Time schedule)"", ""Collects personal data \\u2013 gathers information about natural persons (e.g., name, email)."", ""Collects personal data \\u2013 gathers information about natural persons (speech)."", ""Collects personal health data \\u2013 gathers health information about natural persons."", ""Collects personal health data \\u2013 gathers health information about natural persons.\\nStores personal data \\u2013 saves information in databases, systems, or files."", ""Patient transport data is filled into a form which includes personal data such as weight, height, name, age etc"", ""Uses personal data \\u2013 processes data for operational, analytical, or business purposes.\\nCollects personal health data \\u2013 gathers health information about natural persons.""]'}]","intention_status='unchanged' reason_status='unchanged' intention='Collection' reason=""The query correctly retrieves reasons associated with the 'Collection' category using proper joins and a matching category name."" final_query=""SELECT r.reason FROM reason r JOIN category_reason_association ca ON r.id = ca.reason_id JOIN category c ON c.id = ca.category_id WHERE c.name = 'Collection';"""
"<role>
You are a strict SQL query correction engine.
</role>

<instructions>
You will receive a SQL query and an error message.

1. If the error message is empty or missing, return the given SQL query EXACTLY as provided, without any modification.
2. If the error message is not empty, analyze it and produce a corrected version of the given SQL query that fixes the described error. Keep all other parts of the query unchanged; only fix what the error requires.
3. If the query contains the wrong value in the where clause of the reason table, correct the query with the correct value.
4. Never explain your reasoning, never add comments, never add markdown code fences.
5. Output ONLY a single valid JSON object in exactly this format, with no additional text before or after it:
{""final_query"": ""GENERATED_SQL""}
6. The value of ""final_query"" must be a single valid SQL string. Escape any double quotes or newlines inside it so the JSON stays valid.
</instructions>","Database schema:
Table: category
  - id (Integer, primary key)
  - name (String(255), unique, not null)

Table: reason
  - id (Integer, primary key)
  - reason (Text, not null, unique)

Table: category_reason_association
  - category_id (Integer, FK -> category.id, primary key)
  - reason_id (Integer, FK -> reason.id, primary key)

Relationships:
  - category.reasons <-> reason.categories (many-to-many via category_reason_association)


BPMN Activity Field:
<ns0:task xmlns:ns0=""http://www.omg.org/spec/BPMN/20100524/MODEL"" xmlns:ns1=""http://www.signavio.com"" completionQuantity=""1"" id=""sid-857018B9-BAD3-4C01-903B-0A1CFA8E00EA"" isForCompensation=""false"" name=""Enter surgery into Oplus for surgery plan"" startQuantity=""1"">
         <ns0:documentation id=""sid-4c1d59b9-0919-46fc-9de5-f4393e126d3c"">At the latest 1 day before surgery at 2pm.</ns0:documentation>
         <ns0:extensionElements>
            <ns1:signavioMetaData metaKey=""bgcolor"" metaValue=""#ffffcc"" />
            <ns1:signavioMetaData metaKey=""bordercolor"" metaValue=""#000000"" />
            <ns1:signavioMetaData metaKey=""maximumduration"" metaValue=""5 minutes"" />
         </ns0:extensionElements>
         <ns0:incoming>sid-DBB7315F-6597-4036-8DA7-5C00A3C2EDBD</ns0:incoming>
         <ns0:outgoing>sid-0F47650C-F0FF-4F89-95D7-CB383C3002E3</ns0:outgoing>
         <ns0:ioSpecification id=""sid-857018B9-BAD3-4C01-903B-0A1CFA8E00EA_iospec"">
            <ns0:dataInput id=""sid-427be0ae-2e02-4b88-8faa-c7a6341d5c51"" />
            <ns0:inputSet id=""sid-857018B9-BAD3-4C01-903B-0A1CFA8E00EA_inset"" name=""DefaultInputSet"">
               <ns0:dataInputRefs>sid-427be0ae-2e02-4b88-8faa-c7a6341d5c51</ns0:dataInputRefs>
               <ns0:outputSetRefs>sid-857018B9-BAD3-4C01-903B-0A1CFA8E00EA_outset</ns0:outputSetRefs>
            </ns0:inputSet>
            <ns0:outputSet id=""sid-857018B9-BAD3-4C01-903B-0A1CFA8E00EA_outset"" name=""DefaultOutputSet"">
               <ns0:inputSetRefs>sid-857018B9-BAD3-4C01-903B-0A1CFA8E00EA_inset</ns0:inputSetRefs>
            </ns0:outputSet>
         </ns0:ioSpecification>
         <ns0:dataInputAssociation id=""sid-A250C862-69F5-4017-9512-4B14D0330399"">
            <ns0:extensionElements>
               <ns1:signavioMetaData metaKey=""bordercolor"" metaValue=""#000000"" />
            </ns0:extensionElements>
            <ns0:sourceRef>sid-90A259E8-4546-4401-85D0-04488CD747A2</ns0:sourceRef>
            <ns0:targetRef>sid-427be0ae-2e02-4b88-8faa-c7a6341d5c51</ns0:targetRef>
         </ns0:dataInputAssociation>
      </ns0:task>
      

Generated SQL:
SELECT r.reason FROM reason r JOIN category_reason_association cra ON r.id = cra.reason_id JOIN category c ON c.id = cra.category_id WHERE c.name = 'Collection';

Error:


Intent:
Collection

Reason of Intent:
Collects personal data – gathers information about natural persons., Collects personal data – gathers information about natural persons (PersonalID, departmentID, Time schedule),Collects personal data – gathers information about natural persons (e.g., name, email).,Collects personal data – gathers information about natural persons (speech).,Collects personal health data – gathers health information about natural persons.,Collects personal health data – gathers health information about natural persons.
Stores personal data – saves information in databases, systems, or files.,Patient transport data is filled into a form which includes personal data such as weight, height, name, age etc,Uses personal data – processes data for operational, analytical, or business purposes.
Collects personal health data – gathers health information about natural persons.",SELECT r.reason FROM reason r JOIN category_reason_association cra ON r.id = cra.reason_id JOIN category c ON c.id = cra.category_id WHERE c.name = 'Collection';
,"[{'role': 'system', 'content': ''}, {'role': 'user', 'content': 'Validate the following SQL query.\n\nActivity field:\n<ns0:task xmlns:ns0=""http://www.omg.org/spec/BPMN/20100524/MODEL"" xmlns:ns1=""http://www.signavio.com"" completionQuantity=""1"" id=""sid-857018B9-BAD3-4C01-903B-0A1CFA8E00EA"" isForCompensation=""false"" name=""Enter surgery into Oplus for surgery plan"" startQuantity=""1"">\n         <ns0:documentation id=""sid-4c1d59b9-0919-46fc-9de5-f4393e126d3c"">At the latest 1 day before surgery at 2pm.</ns0:documentation>\n         <ns0:extensionElements>\n            <ns1:signavioMetaData metaKey=""bgcolor"" metaValue=""#ffffcc"" />\n            <ns1:signavioMetaData metaKey=""bordercolor"" metaValue=""#000000"" />\n            <ns1:signavioMetaData metaKey=""maximumduration"" metaValue=""5 minutes"" />\n         </ns0:extensionElements>\n         <ns0:incoming>sid-DBB7315F-6597-4036-8DA7-5C00A3C2EDBD</ns0:incoming>\n         <ns0:outgoing>sid-0F47650C-F0FF-4F89-95D7-CB383C3002E3</ns0:outgoing>\n         <ns0:ioSpecification id=""sid-857018B9-BAD3-4C01-903B-0A1CFA8E00EA_iospec"">\n            <ns0:dataInput id=""sid-427be0ae-2e02-4b88-8faa-c7a6341d5c51"" />\n            <ns0:inputSet id=""sid-857018B9-BAD3-4C01-903B-0A1CFA8E00EA_inset"" name=""DefaultInputSet"">\n               <ns0:dataInputRefs>sid-427be0ae-2e02-4b88-8faa-c7a6341d5c51</ns0:dataInputRefs>\n               <ns0:outputSetRefs>sid-857018B9-BAD3-4C01-903B-0A1CFA8E00EA_outset</ns0:outputSetRefs>\n            </ns0:inputSet>\n            <ns0:outputSet id=""sid-857018B9-BAD3-4C01-903B-0A1CFA8E00EA_outset"" name=""DefaultOutputSet"">\n               <ns0:inputSetRefs>sid-857018B9-BAD3-4C01-903B-0A1CFA8E00EA_inset</ns0:inputSetRefs>\n            </ns0:outputSet>\n         </ns0:ioSpecification>\n         <ns0:dataInputAssociation id=""sid-A250C862-69F5-4017-9512-4B14D0330399"">\n            <ns0:extensionElements>\n               <ns1:signavioMetaData metaKey=""bordercolor"" metaValue=""#000000"" />\n            </ns0:extensionElements>\n            <ns0:sourceRef>sid-90A259E8-4546-4401-85D0-04488CD747A2</ns0:sourceRef>\n            <ns0:targetRef>sid-427be0ae-2e02-4b88-8faa-c7a6341d5c51</ns0:targetRef>\n         </ns0:dataInputAssociation>\n      </ns0:task>\n      \n\nDatabase schema:\nTable: category\n  - id (Integer, primary key)\n  - name (String(255), unique, not null)\n\nTable: reason\n  - id (Integer, primary key)\n  - reason (Text, not null, unique)\n\nTable: category_reason_association\n  - category_id (Integer, FK -> category.id, primary key)\n  - reason_id (Integer, FK -> reason.id, primary key)\n\nRelationships:\n  - category.reasons <-> reason.categories (many-to-many via category_reason_association)\n\n\nCurrent intention:\nCollection\n\nCurrent SQL query:\nSELECT r.reason FROM reason r JOIN category_reason_association cra ON r.id = cra.reason_id JOIN category c ON c.id = cra.category_id WHERE c.name = \'Collection\';'}, {'role': 'user', 'content': 'Die verfügbaren Intentionen sind: [""Collection"", ""Storage"", ""Usage"", ""Transferal"", ""Updated"", ""Deletion"", ""Access""]'}, {'role': 'user', 'content': 'Die verfügbaren Reasons der category  sind: [""Collects personal data \\u2013 gathers information about natural persons."", "" Collects personal data \\u2013 gathers information about natural persons (PersonalID, departmentID, Time schedule)"", ""Collects personal data \\u2013 gathers information about natural persons (e.g., name, email)."", ""Collects personal data \\u2013 gathers information about natural persons (speech)."", ""Collects personal health data \\u2013 gathers health information about natural persons."", ""Collects personal health data \\u2013 gathers health information about natural persons.\\nStores personal data \\u2013 saves information in databases, systems, or files."", ""Patient transport data is filled into a form which includes personal data such as weight, height, name, age etc"", ""Uses personal data \\u2013 processes data for operational, analytical, or business purposes.\\nCollects personal health data \\u2013 gathers health information about natural persons.""]'}]","intention_status='unchanged' reason_status='unchanged' intention='Collection' reason='SQL query is syntactically correct and retrieves the expected reasons for the Collection category.' final_query=""SELECT r.reason FROM reason r JOIN category_reason_association cra ON r.id = cra.reason_id JOIN category c ON c.id = cra.category_id WHERE c.name = 'Collection';"""
"<role>
You are a strict SQL query correction engine.
</role>

<instructions>
You will receive a SQL query and an error message.

1. If the error message is empty or missing, return the given SQL query EXACTLY as provided, without any modification.
2. If the error message is not empty, analyze it and produce a corrected version of the given SQL query that fixes the described error. Keep all other parts of the query unchanged; only fix what the error requires.
3. If the query contains the wrong value in the where clause of the reason table, correct the query with the correct value.
4. Never explain your reasoning, never add comments, never add markdown code fences.
5. Output ONLY a single valid JSON object in exactly this format, with no additional text before or after it:
{""final_query"": ""GENERATED_SQL""}
6. The value of ""final_query"" must be a single valid SQL string. Escape any double quotes or newlines inside it so the JSON stays valid.
</instructions>","Database schema:
Table: category
  - id (Integer, primary key)
  - name (String(255), unique, not null)

Table: reason
  - id (Integer, primary key)
  - reason (Text, not null, unique)

Table: category_reason_association
  - category_id (Integer, FK -> category.id, primary key)
  - reason_id (Integer, FK -> reason.id, primary key)

Relationships:
  - category.reasons <-> reason.categories (many-to-many via category_reason_association)


BPMN Activity Field:
<ns0:subProcess xmlns:ns0=""http://www.omg.org/spec/BPMN/20100524/MODEL"" xmlns:ns1=""http://www.signavio.com"" completionQuantity=""1"" id=""sid-6EFE25FB-0893-440F-A48A-876386148A36"" isForCompensation=""false"" name=""Perform pre-operation discussion "" startQuantity=""1"" triggeredByEvent=""false"">
         <ns0:extensionElements>
            <ns1:signavioMetaData metaKey=""bgcolor"" metaValue=""#ffffcc"" />
            <ns1:signavioMetaData metaKey=""bordercolor"" metaValue=""#000000"" />
            <ns1:signavioMetaData metaKey=""entry"" metaValue=""/model/719f450440144d81801cab56dc3c371a"" />
         </ns0:extensionElements>
         <ns0:incoming>sid-4EE787B9-6C02-4667-8B63-A984F5DA33FA</ns0:incoming>
         <ns0:outgoing>sid-78899931-CEA9-49E3-9F26-9C1E8BA99E46</ns0:outgoing>
      </ns0:subProcess>
      

Generated SQL:
SELECT r.reason FROM reason r JOIN category_reason_association ca ON r.id = ca.reason_id JOIN category c ON ca.category_id = c.id WHERE c.name = 'Usage';

Error:


Intent:
Usage

Reason of Intent:
Uses personal data – processes data for operational, analytical, or business purposes.,Uses personal data - processes data for operational, analytical, or business purposes.,Uses personal data – processes data for operational, analytical, or business purposes
,Uses personal data – processes data for operational, analytical, or business purposes. If the customer is a natural person or the organization has a contact person.,Uses personal data – processes data for operational, analytical, or business purposes. If the customer is a natural person or a n organization with a contact person. If the customer is a natural person or a n organization with a contact person.,Uses personal data – processes data for operational, analytical, or business purposes,Uses personal data (to decide medication), Stores personal data (in medical records),Uses personal data – processes data for operational, analytical, or business purposes.
Collects personal health data – gathers health information about natural persons.",SELECT r.reason FROM reason r JOIN category_reason_association ca ON r.id = ca.reason_id JOIN category c ON ca.category_id = c.id WHERE c.name = 'Usage';
,"[{'role': 'system', 'content': ''}, {'role': 'user', 'content': 'Validate the following SQL query.\n\nActivity field:\n<ns0:subProcess xmlns:ns0=""http://www.omg.org/spec/BPMN/20100524/MODEL"" xmlns:ns1=""http://www.signavio.com"" completionQuantity=""1"" id=""sid-6EFE25FB-0893-440F-A48A-876386148A36"" isForCompensation=""false"" name=""Perform pre-operation discussion "" startQuantity=""1"" triggeredByEvent=""false"">\n         <ns0:extensionElements>\n            <ns1:signavioMetaData metaKey=""bgcolor"" metaValue=""#ffffcc"" />\n            <ns1:signavioMetaData metaKey=""bordercolor"" metaValue=""#000000"" />\n            <ns1:signavioMetaData metaKey=""entry"" metaValue=""/model/719f450440144d81801cab56dc3c371a"" />\n         </ns0:extensionElements>\n         <ns0:incoming>sid-4EE787B9-6C02-4667-8B63-A984F5DA33FA</ns0:incoming>\n         <ns0:outgoing>sid-78899931-CEA9-49E3-9F26-9C1E8BA99E46</ns0:outgoing>\n      </ns0:subProcess>\n      \n\nDatabase schema:\nTable: category\n  - id (Integer, primary key)\n  - name (String(255), unique, not null)\n\nTable: reason\n  - id (Integer, primary key)\n  - reason (Text, not null, unique)\n\nTable: category_reason_association\n  - category_id (Integer, FK -> category.id, primary key)\n  - reason_id (Integer, FK -> reason.id, primary key)\n\nRelationships:\n  - category.reasons <-> reason.categories (many-to-many via category_reason_association)\n\n\nCurrent intention:\nUsage\n\nCurrent SQL query:\nSELECT r.reason FROM reason r JOIN category_reason_association ca ON r.id = ca.reason_id JOIN category c ON ca.category_id = c.id WHERE c.name = \'Usage\';'}, {'role': 'user', 'content': 'Die verfügbaren Intentionen sind: [""Collection"", ""Storage"", ""Usage"", ""Transferal"", ""Updated"", ""Deletion"", ""Access""]'}, {'role': 'user', 'content': 'Die verfügbaren Reasons der category  sind: [""Uses personal data \\u2013 processes data for operational, analytical, or business purposes."", ""Uses personal data - processes data for operational, analytical, or business purposes."", ""Uses personal data \\u2013 processes data for operational, analytical, or business purposes\\n"", ""Uses personal data \\u2013 processes data for operational, analytical, or business purposes. If the customer is a natural person or the organization has a contact person."", ""Uses personal data \\u2013 processes data for operational, analytical, or business purposes. If the customer is a natural person or a n organization with a contact person. If the customer is a natural person or a n organization with a contact person."", ""Uses personal data \\u2013 processes data for operational, analytical, or business purposes"", ""Uses personal data (to decide medication), Stores personal data (in medical records)"", ""Uses personal data \\u2013 processes data for operational, analytical, or business purposes.\\nCollects personal health data \\u2013 gathers health information about natural persons.""]'}]","intention_status='unchanged' reason_status='unchanged' intention='Usage' reason='Uses personal data – processes data for operational, analytical, or business purposes.' final_query=""SELECT r.reason FROM reason r JOIN category_reason_association ca ON r.id = ca.reason_id JOIN category c ON ca.category_id = c.id WHERE c.name = 'Usage';"""
"<role>
You are a strict SQL query correction engine.
</role>

<instructions>
You will receive a SQL query and an error message.

1. If the error message is empty or missing, return the given SQL query EXACTLY as provided, without any modification.
2. If the error message is not empty, analyze it and produce a corrected version of the given SQL query that fixes the described error. Keep all other parts of the query unchanged; only fix what the error requires.
3. If the query contains the wrong value in the where clause of the reason table, correct the query with the correct value.
4. Never explain your reasoning, never add comments, never add markdown code fences.
5. Output ONLY a single valid JSON object in exactly this format, with no additional text before or after it:
{""final_query"": ""GENERATED_SQL""}
6. The value of ""final_query"" must be a single valid SQL string. Escape any double quotes or newlines inside it so the JSON stays valid.
</instructions>","Database schema:
Table: category
  - id (Integer, primary key)
  - name (String(255), unique, not null)

Table: reason
  - id (Integer, primary key)
  - reason (Text, not null, unique)

Table: category_reason_association
  - category_id (Integer, FK -> category.id, primary key)
  - reason_id (Integer, FK -> reason.id, primary key)

Relationships:
  - category.reasons <-> reason.categories (many-to-many via category_reason_association)


BPMN Activity Field:
<ns0:task xmlns:ns0=""http://www.omg.org/spec/BPMN/20100524/MODEL"" xmlns:ns1=""http://www.signavio.com"" completionQuantity=""1"" id=""sid-E0ED1A9A-8DA8-4613-8907-8B910EC27DDF"" isForCompensation=""false"" name=""Order preparations of surgery in kardex"" startQuantity=""1"">
         <ns0:extensionElements>
            <ns1:signavioMetaData metaKey=""bgcolor"" metaValue=""#ffffcc"" />
            <ns1:signavioMetaData metaKey=""bordercolor"" metaValue=""#000000"" />
         </ns0:extensionElements>
         <ns0:incoming>sid-B1FF1C67-F045-485E-9896-0F9C83B72FBE</ns0:incoming>
         <ns0:outgoing>sid-541FECDB-2443-4450-9F7F-E98886B25C53</ns0:outgoing>
      </ns0:task>
      

Generated SQL:
SELECT r.reason FROM reason r JOIN category_reason_association cra ON r.id=cra.reason_id JOIN category c ON cra.category_id=c.id WHERE c.name='Storage';

Error:


Intent:
Storage

Reason of Intent:
Collects personal health data – gathers health information about natural persons.
Stores personal data – saves information in databases, systems, or files.,Stores personal data – saves information in databases, systems, or files., Stores personal data – saves information in databases, systems, or files.,Stores personal data – saves information in databases, systems, or files.
    ,Stores personal data – saves information in databases, systems, or files.
Accesses personal data – retrieves or makes data available to users or systems.,Storage of personal employment related data,Stores personal data – saves information in databases, systems, or files. If the customer is a natural person or the organization has a contact person.,Uses personal data (to decide medication), Stores personal data (in medical records)",SELECT r.reason FROM reason r JOIN category_reason_association cra ON r.id=cra.reason_id JOIN category c ON cra.category_id=c.id WHERE c.name='Storage';
,"[{'role': 'system', 'content': ''}, {'role': 'user', 'content': 'Validate the following SQL query.\n\nActivity field:\n<ns0:task xmlns:ns0=""http://www.omg.org/spec/BPMN/20100524/MODEL"" xmlns:ns1=""http://www.signavio.com"" completionQuantity=""1"" id=""sid-E0ED1A9A-8DA8-4613-8907-8B910EC27DDF"" isForCompensation=""false"" name=""Order preparations of surgery in kardex"" startQuantity=""1"">\n         <ns0:extensionElements>\n            <ns1:signavioMetaData metaKey=""bgcolor"" metaValue=""#ffffcc"" />\n            <ns1:signavioMetaData metaKey=""bordercolor"" metaValue=""#000000"" />\n         </ns0:extensionElements>\n         <ns0:incoming>sid-B1FF1C67-F045-485E-9896-0F9C83B72FBE</ns0:incoming>\n         <ns0:outgoing>sid-541FECDB-2443-4450-9F7F-E98886B25C53</ns0:outgoing>\n      </ns0:task>\n      \n\nDatabase schema:\nTable: category\n  - id (Integer, primary key)\n  - name (String(255), unique, not null)\n\nTable: reason\n  - id (Integer, primary key)\n  - reason (Text, not null, unique)\n\nTable: category_reason_association\n  - category_id (Integer, FK -> category.id, primary key)\n  - reason_id (Integer, FK -> reason.id, primary key)\n\nRelationships:\n  - category.reasons <-> reason.categories (many-to-many via category_reason_association)\n\n\nCurrent intention:\nStorage\n\nCurrent SQL query:\nSELECT r.reason FROM reason r JOIN category_reason_association cra ON r.id=cra.reason_id JOIN category c ON cra.category_id=c.id WHERE c.name=\'Storage\';'}, {'role': 'user', 'content': 'Die verfügbaren Intentionen sind: [""Collection"", ""Storage"", ""Usage"", ""Transferal"", ""Updated"", ""Deletion"", ""Access""]'}, {'role': 'user', 'content': 'Die verfügbaren Reasons der category  sind: [""Collects personal health data \\u2013 gathers health information about natural persons.\\nStores personal data \\u2013 saves information in databases, systems, or files."", ""Stores personal data \\u2013 saves information in databases, systems, or files."", "" Stores personal data \\u2013 saves information in databases, systems, or files."", ""Stores personal data \\u2013 saves information in databases, systems, or files.\\n    "", ""Stores personal data \\u2013 saves information in databases, systems, or files.\\nAccesses personal data \\u2013 retrieves or makes data available to users or systems."", ""Storage of personal employment related data"", ""Stores personal data \\u2013 saves information in databases, systems, or files. If the customer is a natural person or the organization has a contact person."", ""Uses personal data (to decide medication), Stores personal data (in medical records)""]'}]","intention_status='unchanged' reason_status='unchanged' intention='Storage' reason='Stores personal data — saves information in databases, systems, or files.' final_query=""SELECT r.reason FROM reason r JOIN category_reason_association cra ON r.id=cra.reason_id JOIN category c ON cra.category_id=c.id WHERE c.name='Storage';"""
"<role>
You are a strict SQL query correction engine.
</role>

<instructions>
You will receive a SQL query and an error message.

1. If the error message is empty or missing, return the given SQL query EXACTLY as provided, without any modification.
2. If the error message is not empty, analyze it and produce a corrected version of the given SQL query that fixes the described error. Keep all other parts of the query unchanged; only fix what the error requires.
3. If the query contains the wrong value in the where clause of the reason table, correct the query with the correct value.
4. Never explain your reasoning, never add comments, never add markdown code fences.
5. Output ONLY a single valid JSON object in exactly this format, with no additional text before or after it:
{""final_query"": ""GENERATED_SQL""}
6. The value of ""final_query"" must be a single valid SQL string. Escape any double quotes or newlines inside it so the JSON stays valid.
</instructions>","Database schema:
Table: category
  - id (Integer, primary key)
  - name (String(255), unique, not null)

Table: reason
  - id (Integer, primary key)
  - reason (Text, not null, unique)

Table: category_reason_association
  - category_id (Integer, FK -> category.id, primary key)
  - reason_id (Integer, FK -> reason.id, primary key)

Relationships:
  - category.reasons <-> reason.categories (many-to-many via category_reason_association)


BPMN Activity Field:
<ns0:task xmlns:ns0=""http://www.omg.org/spec/BPMN/20100524/MODEL"" xmlns:ns1=""http://www.signavio.com"" completionQuantity=""1"" id=""sid-C17C448D-8303-4345-BD8A-C773D4A6A63B"" isForCompensation=""false"" name=""Meet patient"" startQuantity=""1"">
         <ns0:extensionElements>
            <ns1:signavioMetaData metaKey=""bgcolor"" metaValue=""#ffffcc"" />
            <ns1:signavioMetaData metaKey=""bordercolor"" metaValue=""#000000"" />
         </ns0:extensionElements>
         <ns0:incoming>sid-723938CF-2908-403E-ACD0-F4FCF0CA3B79</ns0:incoming>
         <ns0:outgoing>sid-14C6F42D-BC92-4301-9024-5CC3C1C058CE</ns0:outgoing>
      </ns0:task>
      

Generated SQL:
SELECT r.reason FROM reason r JOIN category_reason_association cra ON r.id = cra.reason_id JOIN category c ON cra.category_id = c.id WHERE c.name = 'Usage';

Error:


Intent:
Usage

Reason of Intent:
Uses personal data – processes data for operational, analytical, or business purposes.,Uses personal data - processes data for operational, analytical, or business purposes.,Uses personal data – processes data for operational, analytical, or business purposes
,Uses personal data – processes data for operational, analytical, or business purposes. If the customer is a natural person or the organization has a contact person.,Uses personal data – processes data for operational, analytical, or business purposes. If the customer is a natural person or a n organization with a contact person. If the customer is a natural person or a n organization with a contact person.,Uses personal data – processes data for operational, analytical, or business purposes,Uses personal data (to decide medication), Stores personal data (in medical records),Uses personal data – processes data for operational, analytical, or business purposes.
Collects personal health data – gathers health information about natural persons.",SELECT r.reason FROM reason r JOIN category_reason_association cra ON r.id = cra.reason_id JOIN category c ON cra.category_id = c.id WHERE c.name = 'Usage';
,"[{'role': 'system', 'content': ''}, {'role': 'user', 'content': 'Validate the following SQL query.\n\nActivity field:\n<ns0:task xmlns:ns0=""http://www.omg.org/spec/BPMN/20100524/MODEL"" xmlns:ns1=""http://www.signavio.com"" completionQuantity=""1"" id=""sid-C17C448D-8303-4345-BD8A-C773D4A6A63B"" isForCompensation=""false"" name=""Meet patient"" startQuantity=""1"">\n         <ns0:extensionElements>\n            <ns1:signavioMetaData metaKey=""bgcolor"" metaValue=""#ffffcc"" />\n            <ns1:signavioMetaData metaKey=""bordercolor"" metaValue=""#000000"" />\n         </ns0:extensionElements>\n         <ns0:incoming>sid-723938CF-2908-403E-ACD0-F4FCF0CA3B79</ns0:incoming>\n         <ns0:outgoing>sid-14C6F42D-BC92-4301-9024-5CC3C1C058CE</ns0:outgoing>\n      </ns0:task>\n      \n\nDatabase schema:\nTable: category\n  - id (Integer, primary key)\n  - name (String(255), unique, not null)\n\nTable: reason\n  - id (Integer, primary key)\n  - reason (Text, not null, unique)\n\nTable: category_reason_association\n  - category_id (Integer, FK -> category.id, primary key)\n  - reason_id (Integer, FK -> reason.id, primary key)\n\nRelationships:\n  - category.reasons <-> reason.categories (many-to-many via category_reason_association)\n\n\nCurrent intention:\nUsage\n\nCurrent SQL query:\nSELECT r.reason FROM reason r JOIN category_reason_association cra ON r.id = cra.reason_id JOIN category c ON cra.category_id = c.id WHERE c.name = \'Usage\';'}, {'role': 'user', 'content': 'Die verfügbaren Intentionen sind: [""Collection"", ""Storage"", ""Usage"", ""Transferal"", ""Updated"", ""Deletion"", ""Access""]'}, {'role': 'user', 'content': 'Die verfügbaren Reasons der category  sind: [""Uses personal data \\u2013 processes data for operational, analytical, or business purposes."", ""Uses personal data - processes data for operational, analytical, or business purposes."", ""Uses personal data \\u2013 processes data for operational, analytical, or business purposes\\n"", ""Uses personal data \\u2013 processes data for operational, analytical, or business purposes. If the customer is a natural person or the organization has a contact person."", ""Uses personal data \\u2013 processes data for operational, analytical, or business purposes. If the customer is a natural person or a n organization with a contact person. If the customer is a natural person or a n organization with a contact person."", ""Uses personal data \\u2013 processes data for operational, analytical, or business purposes"", ""Uses personal data (to decide medication), Stores personal data (in medical records)"", ""Uses personal data \\u2013 processes data for operational, analytical, or business purposes.\\nCollects personal health data \\u2013 gathers health information about natural persons.""]'}]","intention_status='unchanged' reason_status='unchanged' intention='Usage' reason='Uses personal data – processes data for operational, analytical, or business purposes.' final_query=""SELECT r.reason FROM reason r JOIN category_reason_association cra ON r.id = cra.reason_id JOIN category c ON cra.category_id = c.id WHERE c.name = 'Usage';"""
"<role>
You are a strict SQL query correction engine.
</role>

<instructions>
You will receive a SQL query and an error message.

1. If the error message is empty or missing, return the given SQL query EXACTLY as provided, without any modification.
2. If the error message is not empty, analyze it and produce a corrected version of the given SQL query that fixes the described error. Keep all other parts of the query unchanged; only fix what the error requires.
3. If the query contains the wrong value in the where clause of the reason table, correct the query with the correct value.
4. Never explain your reasoning, never add comments, never add markdown code fences.
5. Output ONLY a single valid JSON object in exactly this format, with no additional text before or after it:
{""final_query"": ""GENERATED_SQL""}
6. The value of ""final_query"" must be a single valid SQL string. Escape any double quotes or newlines inside it so the JSON stays valid.
</instructions>","Database schema:
Table: category
  - id (Integer, primary key)
  - name (String(255), unique, not null)

Table: reason
  - id (Integer, primary key)
  - reason (Text, not null, unique)

Table: category_reason_association
  - category_id (Integer, FK -> category.id, primary key)
  - reason_id (Integer, FK -> reason.id, primary key)

Relationships:
  - category.reasons <-> reason.categories (many-to-many via category_reason_association)


BPMN Activity Field:
<ns0:task xmlns:ns0=""http://www.omg.org/spec/BPMN/20100524/MODEL"" xmlns:ns1=""http://www.signavio.com"" completionQuantity=""1"" id=""sid-A76861E0-B426-4259-997B-A72EEB63E3A1"" isForCompensation=""false"" name=""Ordain premedication"" startQuantity=""1"">
         <ns0:extensionElements>
            <ns1:signavioMetaData metaKey=""bgcolor"" metaValue=""#ffffcc"" />
            <ns1:signavioMetaData metaKey=""bordercolor"" metaValue=""#000000"" />
         </ns0:extensionElements>
         <ns0:incoming>sid-30E63E33-89BF-461A-A71E-347D26170F39</ns0:incoming>
         <ns0:outgoing>sid-0A9A4FAE-A4A4-47BB-BC78-AED306BA2D9A</ns0:outgoing>
         <ns0:dataOutputAssociation id=""sid-ED4607B2-8C51-4770-922C-E861633EE08D"">
            <ns0:extensionElements>
               <ns1:signavioMetaData metaKey=""bordercolor"" metaValue=""#000000"" />
            </ns0:extensionElements>
            <ns0:sourceRef>sid-A76861E0-B426-4259-997B-A72EEB63E3A1</ns0:sourceRef>
            <ns0:targetRef>sid-3A8CBF80-3291-4CA1-BB98-058C14606E84</ns0:targetRef>
         </ns0:dataOutputAssociation>
      </ns0:task>
      

Generated SQL:
SELECT r.reason FROM reason r JOIN category_reason_association cra ON r.id = cra.reason_id JOIN category c ON cra.category_id = c.id WHERE c.name = 'Usage';

Error:


Intent:
Usage

Reason of Intent:
Uses personal data – processes data for operational, analytical, or business purposes.,Uses personal data - processes data for operational, analytical, or business purposes.,Uses personal data – processes data for operational, analytical, or business purposes
,Uses personal data – processes data for operational, analytical, or business purposes. If the customer is a natural person or the organization has a contact person.,Uses personal data – processes data for operational, analytical, or business purposes. If the customer is a natural person or a n organization with a contact person. If the customer is a natural person or a n organization with a contact person.,Uses personal data – processes data for operational, analytical, or business purposes,Uses personal data (to decide medication), Stores personal data (in medical records),Uses personal data – processes data for operational, analytical, or business purposes.
Collects personal health data – gathers health information about natural persons.",SELECT r.reason FROM reason r JOIN category_reason_association cra ON r.id = cra.reason_id JOIN category c ON cra.category_id = c.id WHERE c.name = 'Usage';
,"[{'role': 'system', 'content': ''}, {'role': 'user', 'content': 'Validate the following SQL query.\n\nActivity field:\n<ns0:task xmlns:ns0=""http://www.omg.org/spec/BPMN/20100524/MODEL"" xmlns:ns1=""http://www.signavio.com"" completionQuantity=""1"" id=""sid-A76861E0-B426-4259-997B-A72EEB63E3A1"" isForCompensation=""false"" name=""Ordain premedication"" startQuantity=""1"">\n         <ns0:extensionElements>\n            <ns1:signavioMetaData metaKey=""bgcolor"" metaValue=""#ffffcc"" />\n            <ns1:signavioMetaData metaKey=""bordercolor"" metaValue=""#000000"" />\n         </ns0:extensionElements>\n         <ns0:incoming>sid-30E63E33-89BF-461A-A71E-347D26170F39</ns0:incoming>\n         <ns0:outgoing>sid-0A9A4FAE-A4A4-47BB-BC78-AED306BA2D9A</ns0:outgoing>\n         <ns0:dataOutputAssociation id=""sid-ED4607B2-8C51-4770-922C-E861633EE08D"">\n            <ns0:extensionElements>\n               <ns1:signavioMetaData metaKey=""bordercolor"" metaValue=""#000000"" />\n            </ns0:extensionElements>\n            <ns0:sourceRef>sid-A76861E0-B426-4259-997B-A72EEB63E3A1</ns0:sourceRef>\n            <ns0:targetRef>sid-3A8CBF80-3291-4CA1-BB98-058C14606E84</ns0:targetRef>\n         </ns0:dataOutputAssociation>\n      </ns0:task>\n      \n\nDatabase schema:\nTable: category\n  - id (Integer, primary key)\n  - name (String(255), unique, not null)\n\nTable: reason\n  - id (Integer, primary key)\n  - reason (Text, not null, unique)\n\nTable: category_reason_association\n  - category_id (Integer, FK -> category.id, primary key)\n  - reason_id (Integer, FK -> reason.id, primary key)\n\nRelationships:\n  - category.reasons <-> reason.categories (many-to-many via category_reason_association)\n\n\nCurrent intention:\nUsage\n\nCurrent SQL query:\nSELECT r.reason FROM reason r JOIN category_reason_association cra ON r.id = cra.reason_id JOIN category c ON cra.category_id = c.id WHERE c.name = \'Usage\';'}, {'role': 'user', 'content': 'Die verfügbaren Intentionen sind: [""Collection"", ""Storage"", ""Usage"", ""Transferal"", ""Updated"", ""Deletion"", ""Access""]'}, {'role': 'user', 'content': 'Die verfügbaren Reasons der category  sind: [""Uses personal data \\u2013 processes data for operational, analytical, or business purposes."", ""Uses personal data - processes data for operational, analytical, or business purposes."", ""Uses personal data \\u2013 processes data for operational, analytical, or business purposes\\n"", ""Uses personal data \\u2013 processes data for operational, analytical, or business purposes. If the customer is a natural person or the organization has a contact person."", ""Uses personal data \\u2013 processes data for operational, analytical, or business purposes. If the customer is a natural person or a n organization with a contact person. If the customer is a natural person or a n organization with a contact person."", ""Uses personal data \\u2013 processes data for operational, analytical, or business purposes"", ""Uses personal data (to decide medication), Stores personal data (in medical records)"", ""Uses personal data \\u2013 processes data for operational, analytical, or business purposes.\\nCollects personal health data \\u2013 gathers health information about natural persons.""]'}]","intention_status='unchanged' reason_status='changed' intention='Usage' reason=""The query correctly joins reason, category_reason_association, and category tables and filters by the category name 'Usage' to return the associated reasons, which matches the provided schema and intent."" final_query=""SELECT r.reason FROM reason r JOIN category_reason_association cra ON r.id = cra.reason_id JOIN category c ON cra.category_id = c.id WHERE c.name = 'Usage';"""
,"[{'role': 'system', 'content': ''}, {'role': 'user', 'content': 'Validate the following SQL query.\n\nActivity field:\n<ns0:task xmlns:ns0=""http://www.omg.org/spec/BPMN/20100524/MODEL"" xmlns:ns1=""http://www.signavio.com"" completionQuantity=""1"" id=""sid-A76861E0-B426-4259-997B-A72EEB63E3A1"" isForCompensation=""false"" name=""Ordain premedication"" startQuantity=""1"">\n         <ns0:extensionElements>\n            <ns1:signavioMetaData metaKey=""bgcolor"" metaValue=""#ffffcc"" />\n            <ns1:signavioMetaData metaKey=""bordercolor"" metaValue=""#000000"" />\n         </ns0:extensionElements>\n         <ns0:incoming>sid-30E63E33-89BF-461A-A71E-347D26170F39</ns0:incoming>\n         <ns0:outgoing>sid-0A9A4FAE-A4A4-47BB-BC78-AED306BA2D9A</ns0:outgoing>\n         <ns0:dataOutputAssociation id=""sid-ED4607B2-8C51-4770-922C-E861633EE08D"">\n            <ns0:extensionElements>\n               <ns1:signavioMetaData metaKey=""bordercolor"" metaValue=""#000000"" />\n            </ns0:extensionElements>\n            <ns0:sourceRef>sid-A76861E0-B426-4259-997B-A72EEB63E3A1</ns0:sourceRef>\n            <ns0:targetRef>sid-3A8CBF80-3291-4CA1-BB98-058C14606E84</ns0:targetRef>\n         </ns0:dataOutputAssociation>\n      </ns0:task>\n      \n\nDatabase schema:\nTable: category\n  - id (Integer, primary key)\n  - name (String(255), unique, not null)\n\nTable: reason\n  - id (Integer, primary key)\n  - reason (Text, not null, unique)\n\nTable: category_reason_association\n  - category_id (Integer, FK -> category.id, primary key)\n  - reason_id (Integer, FK -> reason.id, primary key)\n\nRelationships:\n  - category.reasons <-> reason.categories (many-to-many via category_reason_association)\n\n\nCurrent intention:\nUsage\n\nCurrent SQL query:\nSELECT r.reason FROM reason r JOIN category_reason_association cra ON r.id = cra.reason_id JOIN category c ON cra.category_id = c.id WHERE c.name = \'Usage\';'}, {'role': 'user', 'content': 'Die verfügbaren Intentionen sind: [""Collection"", ""Storage"", ""Usage"", ""Transferal"", ""Updated"", ""Deletion"", ""Access""]'}, {'role': 'user', 'content': 'Die verfügbaren Reasons der category  sind: [""Uses personal data \\u2013 processes data for operational, analytical, or business purposes."", ""Uses personal data - processes data for operational, analytical, or business purposes."", ""Uses personal data \\u2013 processes data for operational, analytical, or business purposes\\n"", ""Uses personal data \\u2013 processes data for operational, analytical, or business purposes. If the customer is a natural person or the organization has a contact person."", ""Uses personal data \\u2013 processes data for operational, analytical, or business purposes. If the customer is a natural person or a n organization with a contact person. If the customer is a natural person or a n organization with a contact person."", ""Uses personal data \\u2013 processes data for operational, analytical, or business purposes"", ""Uses personal data (to decide medication), Stores personal data (in medical records)"", ""Uses personal data \\u2013 processes data for operational, analytical, or business purposes.\\nCollects personal health data \\u2013 gathers health information about natural persons.""]'}, {'role': 'user', 'content': ""The previous validation changed the intention or reason. Validate the corrected query again.\n\nCurrent intention: Usage\nCurrent reason: The query correctly joins reason, category_reason_association, and category tables and filters by the category name 'Usage' to return the associated reasons, which matches the provided schema and intent.\nCurrent SQL query:\nSELECT r.reason FROM reason r JOIN category_reason_association cra ON r.id = cra.reason_id JOIN category c ON cra.category_id = c.id WHERE c.name = 'Usage';""}, {'role': 'user', 'content': 'Die verfügbaren Intentionen sind: [""Collection"", ""Storage"", ""Usage"", ""Transferal"", ""Updated"", ""Deletion"", ""Access""]'}, {'role': 'user', 'content': 'Die verfügbaren Reasons der category  sind: [""Uses personal data \\u2013 processes data for operational, analytical, or business purposes."", ""Uses personal data - processes data for operational, analytical, or business purposes."", ""Uses personal data \\u2013 processes data for operational, analytical, or business purposes\\n"", ""Uses personal data \\u2013 processes data for operational, analytical, or business purposes. If the customer is a natural person or the organization has a contact person."", ""Uses personal data \\u2013 processes data for operational, analytical, or business purposes. If the customer is a natural person or a n organization with a contact person. If the customer is a natural person or a n organization with a contact person."", ""Uses personal data \\u2013 processes data for operational, analytical, or business purposes"", ""Uses personal data (to decide medication), Stores personal data (in medical records)"", ""Uses personal data \\u2013 processes data for operational, analytical, or business purposes.\\nCollects personal health data \\u2013 gathers health information about natural persons.""]'}]","intention_status='unchanged' reason_status='unchanged' intention='Usage' reason=""The query correctly joins reason, category_reason_association, and category tables and filters by the category name 'Usage' to return the associated reasons, which matches the provided schema and intent."" final_query=""SELECT r.reason FROM reason r JOIN category_reason_association cra ON r.id = cra.reason_id JOIN category c ON cra.category_id = c.id WHERE c.name = 'Usage';"""
"<role>
You are a strict SQL query correction engine.
</role>

<instructions>
You will receive a SQL query and an error message.

1. If the error message is empty or missing, return the given SQL query EXACTLY as provided, without any modification.
2. If the error message is not empty, analyze it and produce a corrected version of the given SQL query that fixes the described error. Keep all other parts of the query unchanged; only fix what the error requires.
3. If the query contains the wrong value in the where clause of the reason table, correct the query with the correct value.
4. Never explain your reasoning, never add comments, never add markdown code fences.
5. Output ONLY a single valid JSON object in exactly this format, with no additional text before or after it:
{""final_query"": ""GENERATED_SQL""}
6. The value of ""final_query"" must be a single valid SQL string. Escape any double quotes or newlines inside it so the JSON stays valid.
</instructions>","Database schema:
Table: category
  - id (Integer, primary key)
  - name (String(255), unique, not null)

Table: reason
  - id (Integer, primary key)
  - reason (Text, not null, unique)

Table: category_reason_association
  - category_id (Integer, FK -> category.id, primary key)
  - reason_id (Integer, FK -> reason.id, primary key)

Relationships:
  - category.reasons <-> reason.categories (many-to-many via category_reason_association)


BPMN Activity Field:
<ns0:subProcess xmlns:ns0=""http://www.omg.org/spec/BPMN/20100524/MODEL"" xmlns:ns1=""http://www.signavio.com"" completionQuantity=""1"" id=""sid-71AF5554-8150-4459-9577-961A5D078CB2"" isForCompensation=""false"" name=""Introduce patient to head physician "" startQuantity=""1"" triggeredByEvent=""false"">
         <ns0:extensionElements>
            <ns1:signavioMetaData metaKey=""bgcolor"" metaValue=""#ffffcc"" />
            <ns1:signavioMetaData metaKey=""bordercolor"" metaValue=""#000000"" />
            <ns1:signavioMetaData metaKey=""entry"" metaValue=""/model/8fc5b5f76213487992683ce864c30794"" />
         </ns0:extensionElements>
         <ns0:incoming>sid-87BD3AD9-DF88-4242-867D-629632F15FB3</ns0:incoming>
         <ns0:outgoing>sid-4EE787B9-6C02-4667-8B63-A984F5DA33FA</ns0:outgoing>
      </ns0:subProcess>
      

Generated SQL:
SELECT r.reason FROM reason r JOIN category_reason_association cra ON r.id = cra.reason_id JOIN category c ON cra.category_id = c.id WHERE c.name = 'Transferal';

Error:


Intent:
Transferal

Reason of Intent:
Transfers personal data – shares data internally, with third parties, or externally,Transfers personal data – shares data internally, with third parties, or externally.,ransfers personal data – shares data internally, with third parties, or externally.,Submit personal data to another institution (court)",SELECT r.reason FROM reason r JOIN category_reason_association cra ON r.id = cra.reason_id JOIN category c ON cra.category_id = c.id WHERE c.name = 'Transferal';
,"[{'role': 'system', 'content': ''}, {'role': 'user', 'content': 'Validate the following SQL query.\n\nActivity field:\n<ns0:subProcess xmlns:ns0=""http://www.omg.org/spec/BPMN/20100524/MODEL"" xmlns:ns1=""http://www.signavio.com"" completionQuantity=""1"" id=""sid-71AF5554-8150-4459-9577-961A5D078CB2"" isForCompensation=""false"" name=""Introduce patient to head physician "" startQuantity=""1"" triggeredByEvent=""false"">\n         <ns0:extensionElements>\n            <ns1:signavioMetaData metaKey=""bgcolor"" metaValue=""#ffffcc"" />\n            <ns1:signavioMetaData metaKey=""bordercolor"" metaValue=""#000000"" />\n            <ns1:signavioMetaData metaKey=""entry"" metaValue=""/model/8fc5b5f76213487992683ce864c30794"" />\n         </ns0:extensionElements>\n         <ns0:incoming>sid-87BD3AD9-DF88-4242-867D-629632F15FB3</ns0:incoming>\n         <ns0:outgoing>sid-4EE787B9-6C02-4667-8B63-A984F5DA33FA</ns0:outgoing>\n      </ns0:subProcess>\n      \n\nDatabase schema:\nTable: category\n  - id (Integer, primary key)\n  - name (String(255), unique, not null)\n\nTable: reason\n  - id (Integer, primary key)\n  - reason (Text, not null, unique)\n\nTable: category_reason_association\n  - category_id (Integer, FK -> category.id, primary key)\n  - reason_id (Integer, FK -> reason.id, primary key)\n\nRelationships:\n  - category.reasons <-> reason.categories (many-to-many via category_reason_association)\n\n\nCurrent intention:\nTransferal\n\nCurrent SQL query:\nSELECT r.reason FROM reason r JOIN category_reason_association cra ON r.id = cra.reason_id JOIN category c ON cra.category_id = c.id WHERE c.name = \'Transferal\';'}, {'role': 'user', 'content': 'Die verfügbaren Intentionen sind: [""Collection"", ""Storage"", ""Usage"", ""Transferal"", ""Updated"", ""Deletion"", ""Access""]'}, {'role': 'user', 'content': 'Die verfügbaren Reasons der category  sind: [""Transfers personal data \\u2013 shares data internally, with third parties, or externally"", ""Transfers personal data \\u2013 shares data internally, with third parties, or externally."", ""ransfers personal data \\u2013 shares data internally, with third parties, or externally."", ""Submit personal data to another institution (court)""]'}]","intention_status='unchanged' reason_status='unchanged' intention='Transferal' reason='No change needed' final_query=""SELECT r.reason FROM reason r JOIN category_reason_association cra ON r.id = cra.reason_id JOIN category c ON cra.category_id = c.id WHERE c.name = 'Transferal';"""
"<role>
You are a strict SQL query correction engine.
</role>

<instructions>
You will receive a SQL query and an error message.

1. If the error message is empty or missing, return the given SQL query EXACTLY as provided, without any modification.
2. If the error message is not empty, analyze it and produce a corrected version of the given SQL query that fixes the described error. Keep all other parts of the query unchanged; only fix what the error requires.
3. If the query contains the wrong value in the where clause of the reason table, correct the query with the correct value.
4. Never explain your reasoning, never add comments, never add markdown code fences.
5. Output ONLY a single valid JSON object in exactly this format, with no additional text before or after it:
{""final_query"": ""GENERATED_SQL""}
6. The value of ""final_query"" must be a single valid SQL string. Escape any double quotes or newlines inside it so the JSON stays valid.
</instructions>","Database schema:
Table: category
  - id (Integer, primary key)
  - name (String(255), unique, not null)

Table: reason
  - id (Integer, primary key)
  - reason (Text, not null, unique)

Table: category_reason_association
  - category_id (Integer, FK -> category.id, primary key)
  - reason_id (Integer, FK -> reason.id, primary key)

Relationships:
  - category.reasons <-> reason.categories (many-to-many via category_reason_association)


BPMN Activity Field:
<ns0:subProcess xmlns:ns0=""http://www.omg.org/spec/BPMN/20100524/MODEL"" xmlns:ns1=""http://www.signavio.com"" completionQuantity=""1"" id=""sid-8048EF97-74FF-4BD4-B97A-FB3D04E435E2"" isForCompensation=""false"" name=""Cancel surgery"" startQuantity=""1"" triggeredByEvent=""false"">
         <ns0:documentation id=""sid-057d6c70-baab-48ca-ad78-5a7f9500dc95"">Delete patient from surgery board and from Oplus. 
</ns0:documentation>
         <ns0:extensionElements>
            <ns1:signavioMetaData metaKey=""bgcolor"" metaValue=""#ffffcc"" />
            <ns1:signavioMetaData metaKey=""bordercolor"" metaValue=""#000000"" />
         </ns0:extensionElements>
         <ns0:incoming>sid-D24D1957-0583-4899-A500-7ED5D8914D71</ns0:incoming>
         <ns0:incoming>sid-18E5DB9E-04F5-4A7F-9511-C921BFAC79FE</ns0:incoming>
         <ns0:outgoing>sid-0381D6B3-5A74-4380-B641-B9E9073ECFD6</ns0:outgoing>
      </ns0:subProcess>
      

Generated SQL:
SELECT r.reason FROM reason r JOIN category_reason_association cra ON r.id = cra.reason_id JOIN category c ON cra.category_id = c.id WHERE c.name = 'Deletion';

Error:


Intent:
Deletion

Reason of Intent:
Deletes personal data – removes or anonymizes data from storage.",SELECT r.reason FROM reason r JOIN category_reason_association cra ON r.id = cra.reason_id JOIN category c ON cra.category_id = c.id WHERE c.name = 'Deletion';
,"[{'role': 'system', 'content': ''}, {'role': 'user', 'content': 'Validate the following SQL query.\n\nActivity field:\n<ns0:subProcess xmlns:ns0=""http://www.omg.org/spec/BPMN/20100524/MODEL"" xmlns:ns1=""http://www.signavio.com"" completionQuantity=""1"" id=""sid-8048EF97-74FF-4BD4-B97A-FB3D04E435E2"" isForCompensation=""false"" name=""Cancel surgery"" startQuantity=""1"" triggeredByEvent=""false"">\n         <ns0:documentation id=""sid-057d6c70-baab-48ca-ad78-5a7f9500dc95"">Delete patient from surgery board and from Oplus. \n</ns0:documentation>\n         <ns0:extensionElements>\n            <ns1:signavioMetaData metaKey=""bgcolor"" metaValue=""#ffffcc"" />\n            <ns1:signavioMetaData metaKey=""bordercolor"" metaValue=""#000000"" />\n         </ns0:extensionElements>\n         <ns0:incoming>sid-D24D1957-0583-4899-A500-7ED5D8914D71</ns0:incoming>\n         <ns0:incoming>sid-18E5DB9E-04F5-4A7F-9511-C921BFAC79FE</ns0:incoming>\n         <ns0:outgoing>sid-0381D6B3-5A74-4380-B641-B9E9073ECFD6</ns0:outgoing>\n      </ns0:subProcess>\n      \n\nDatabase schema:\nTable: category\n  - id (Integer, primary key)\n  - name (String(255), unique, not null)\n\nTable: reason\n  - id (Integer, primary key)\n  - reason (Text, not null, unique)\n\nTable: category_reason_association\n  - category_id (Integer, FK -> category.id, primary key)\n  - reason_id (Integer, FK -> reason.id, primary key)\n\nRelationships:\n  - category.reasons <-> reason.categories (many-to-many via category_reason_association)\n\n\nCurrent intention:\nDeletion\n\nCurrent SQL query:\nSELECT r.reason FROM reason r JOIN category_reason_association cra ON r.id = cra.reason_id JOIN category c ON cra.category_id = c.id WHERE c.name = \'Deletion\';'}, {'role': 'user', 'content': 'Die verfügbaren Intentionen sind: [""Collection"", ""Storage"", ""Usage"", ""Transferal"", ""Updated"", ""Deletion"", ""Access""]'}, {'role': 'user', 'content': 'Die verfügbaren Reasons der category  sind: [""Deletes personal data \\u2013 removes or anonymizes data from storage.""]'}]","intention_status='unchanged' reason_status='unchanged' intention='Deletion' reason='Deletes personal data – removes or anonymizes data from storage.' final_query=""SELECT r.reason FROM reason r JOIN category_reason_association cra ON r.id = cra.reason_id JOIN category c ON cra.category_id = c.id WHERE c.name = 'Deletion';"""
"<role>
You are a strict SQL query correction engine.
</role>

<instructions>
You will receive a SQL query and an error message.

1. If the error message is empty or missing, return the given SQL query EXACTLY as provided, without any modification.
2. If the error message is not empty, analyze it and produce a corrected version of the given SQL query that fixes the described error. Keep all other parts of the query unchanged; only fix what the error requires.
3. If the query contains the wrong value in the where clause of the reason table, correct the query with the correct value.
4. Never explain your reasoning, never add comments, never add markdown code fences.
5. Output ONLY a single valid JSON object in exactly this format, with no additional text before or after it:
{""final_query"": ""GENERATED_SQL""}
6. The value of ""final_query"" must be a single valid SQL string. Escape any double quotes or newlines inside it so the JSON stays valid.
</instructions>","Database schema:
Table: category
  - id (Integer, primary key)
  - name (String(255), unique, not null)

Table: reason
  - id (Integer, primary key)
  - reason (Text, not null, unique)

Table: category_reason_association
  - category_id (Integer, FK -> category.id, primary key)
  - reason_id (Integer, FK -> reason.id, primary key)

Relationships:
  - category.reasons <-> reason.categories (many-to-many via category_reason_association)


BPMN Activity Field:
<ns0:task xmlns:ns0=""http://www.omg.org/spec/BPMN/20100524/MODEL"" xmlns:ns1=""http://www.signavio.com"" completionQuantity=""1"" id=""sid-9E71F7BC-6692-4081-AD29-9CBC99212951"" isForCompensation=""false"" name=""Put on sterile scrubs"" startQuantity=""1"">
         <ns0:extensionElements>
            <ns1:signavioMetaData metaKey=""bgcolor"" metaValue=""#ffffcc"" />
            <ns1:signavioMetaData metaKey=""bordercolor"" metaValue=""#000000"" />
         </ns0:extensionElements>
         <ns0:incoming>sid-D6E4990D-8D0F-4967-B1A3-E266B8710B7C</ns0:incoming>
         <ns0:outgoing>sid-BB22F192-4413-4E49-84FC-4D32E2B60255</ns0:outgoing>
      </ns0:task>
      

Generated SQL:
SELECT r.reason FROM reason r JOIN category_reason_association cra ON r.id = cra.reason_id JOIN category c ON cra.category_id = c.id WHERE c.name = 'Usage';

Error:


Intent:
Usage

Reason of Intent:
Uses personal data – processes data for operational, analytical, or business purposes.,Uses personal data - processes data for operational, analytical, or business purposes.,Uses personal data – processes data for operational, analytical, or business purposes
,Uses personal data – processes data for operational, analytical, or business purposes. If the customer is a natural person or the organization has a contact person.,Uses personal data – processes data for operational, analytical, or business purposes. If the customer is a natural person or a n organization with a contact person. If the customer is a natural person or a n organization with a contact person.,Uses personal data – processes data for operational, analytical, or business purposes,Uses personal data (to decide medication), Stores personal data (in medical records),Uses personal data – processes data for operational, analytical, or business purposes.
Collects personal health data – gathers health information about natural persons.",SELECT r.reason FROM reason r JOIN category_reason_association cra ON r.id = cra.reason_id JOIN category c ON cra.category_id = c.id WHERE c.name = 'Usage';
,"[{'role': 'system', 'content': ''}, {'role': 'user', 'content': 'Validate the following SQL query.\n\nActivity field:\n<ns0:task xmlns:ns0=""http://www.omg.org/spec/BPMN/20100524/MODEL"" xmlns:ns1=""http://www.signavio.com"" completionQuantity=""1"" id=""sid-9E71F7BC-6692-4081-AD29-9CBC99212951"" isForCompensation=""false"" name=""Put on sterile scrubs"" startQuantity=""1"">\n         <ns0:extensionElements>\n            <ns1:signavioMetaData metaKey=""bgcolor"" metaValue=""#ffffcc"" />\n            <ns1:signavioMetaData metaKey=""bordercolor"" metaValue=""#000000"" />\n         </ns0:extensionElements>\n         <ns0:incoming>sid-D6E4990D-8D0F-4967-B1A3-E266B8710B7C</ns0:incoming>\n         <ns0:outgoing>sid-BB22F192-4413-4E49-84FC-4D32E2B60255</ns0:outgoing>\n      </ns0:task>\n      \n\nDatabase schema:\nTable: category\n  - id (Integer, primary key)\n  - name (String(255), unique, not null)\n\nTable: reason\n  - id (Integer, primary key)\n  - reason (Text, not null, unique)\n\nTable: category_reason_association\n  - category_id (Integer, FK -> category.id, primary key)\n  - reason_id (Integer, FK -> reason.id, primary key)\n\nRelationships:\n  - category.reasons <-> reason.categories (many-to-many via category_reason_association)\n\n\nCurrent intention:\nUsage\n\nCurrent SQL query:\nSELECT r.reason FROM reason r JOIN category_reason_association cra ON r.id = cra.reason_id JOIN category c ON cra.category_id = c.id WHERE c.name = \'Usage\';'}, {'role': 'user', 'content': 'Die verfügbaren Intentionen sind: [""Collection"", ""Storage"", ""Usage"", ""Transferal"", ""Updated"", ""Deletion"", ""Access""]'}, {'role': 'user', 'content': 'Die verfügbaren Reasons der category  sind: [""Uses personal data \\u2013 processes data for operational, analytical, or business purposes."", ""Uses personal data - processes data for operational, analytical, or business purposes."", ""Uses personal data \\u2013 processes data for operational, analytical, or business purposes\\n"", ""Uses personal data \\u2013 processes data for operational, analytical, or business purposes. If the customer is a natural person or the organization has a contact person."", ""Uses personal data \\u2013 processes data for operational, analytical, or business purposes. If the customer is a natural person or a n organization with a contact person. If the customer is a natural person or a n organization with a contact person."", ""Uses personal data \\u2013 processes data for operational, analytical, or business purposes"", ""Uses personal data (to decide medication), Stores personal data (in medical records)"", ""Uses personal data \\u2013 processes data for operational, analytical, or business purposes.\\nCollects personal health data \\u2013 gathers health information about natural persons.""]'}]","intention_status='unchanged' reason_status='unchanged' intention='Usage' reason='Query correctly selects reasons for the Usage category.' final_query=""SELECT r.reason FROM reason r JOIN category_reason_association cra ON r.id = cra.reason_id JOIN category c ON cra.category_id = c.id WHERE c.name = 'Usage';"""
"<role>
You are a strict SQL query correction engine.
</role>

<instructions>
You will receive a SQL query and an error message.

1. If the error message is empty or missing, return the given SQL query EXACTLY as provided, without any modification.
2. If the error message is not empty, analyze it and produce a corrected version of the given SQL query that fixes the described error. Keep all other parts of the query unchanged; only fix what the error requires.
3. If the query contains the wrong value in the where clause of the reason table, correct the query with the correct value.
4. Never explain your reasoning, never add comments, never add markdown code fences.
5. Output ONLY a single valid JSON object in exactly this format, with no additional text before or after it:
{""final_query"": ""GENERATED_SQL""}
6. The value of ""final_query"" must be a single valid SQL string. Escape any double quotes or newlines inside it so the JSON stays valid.
</instructions>","Database schema:
Table: category
  - id (Integer, primary key)
  - name (String(255), unique, not null)

Table: reason
  - id (Integer, primary key)
  - reason (Text, not null, unique)

Table: category_reason_association
  - category_id (Integer, FK -> category.id, primary key)
  - reason_id (Integer, FK -> reason.id, primary key)

Relationships:
  - category.reasons <-> reason.categories (many-to-many via category_reason_association)


BPMN Activity Field:
<ns0:task xmlns:ns0=""http://www.omg.org/spec/BPMN/20100524/MODEL"" xmlns:ns1=""http://www.signavio.com"" completionQuantity=""1"" id=""sid-408484F8-62E1-469A-9E3F-17D2B21DCF6D"" isForCompensation=""false"" name=""Cover patient"" startQuantity=""1"">
         <ns0:extensionElements>
            <ns1:signavioMetaData metaKey=""bgcolor"" metaValue=""#ffffcc"" />
            <ns1:signavioMetaData metaKey=""bordercolor"" metaValue=""#000000"" />
         </ns0:extensionElements>
         <ns0:incoming>sid-A8EABC33-37EE-40D2-AF15-352A291DEE20</ns0:incoming>
         <ns0:outgoing>sid-4AEFD19A-2530-4CB0-BBDD-68FCB1B3A934</ns0:outgoing>
      </ns0:task>
      

Generated SQL:
SELECT r.reason FROM reason r JOIN category_reason_association cra ON r.id = cra.reason_id JOIN category c ON cra.category_id = c.id WHERE c.name = 'Usage';

Error:


Intent:
Usage

Reason of Intent:
Uses personal data – processes data for operational, analytical, or business purposes.,Uses personal data - processes data for operational, analytical, or business purposes.,Uses personal data – processes data for operational, analytical, or business purposes
,Uses personal data – processes data for operational, analytical, or business purposes. If the customer is a natural person or the organization has a contact person.,Uses personal data – processes data for operational, analytical, or business purposes. If the customer is a natural person or a n organization with a contact person. If the customer is a natural person or a n organization with a contact person.,Uses personal data – processes data for operational, analytical, or business purposes,Uses personal data (to decide medication), Stores personal data (in medical records),Uses personal data – processes data for operational, analytical, or business purposes.
Collects personal health data – gathers health information about natural persons.",SELECT r.reason FROM reason r JOIN category_reason_association cra ON r.id = cra.reason_id JOIN category c ON cra.category_id = c.id WHERE c.name = 'Usage';
,"[{'role': 'system', 'content': ''}, {'role': 'user', 'content': 'Validate the following SQL query.\n\nActivity field:\n<ns0:task xmlns:ns0=""http://www.omg.org/spec/BPMN/20100524/MODEL"" xmlns:ns1=""http://www.signavio.com"" completionQuantity=""1"" id=""sid-408484F8-62E1-469A-9E3F-17D2B21DCF6D"" isForCompensation=""false"" name=""Cover patient"" startQuantity=""1"">\n         <ns0:extensionElements>\n            <ns1:signavioMetaData metaKey=""bgcolor"" metaValue=""#ffffcc"" />\n            <ns1:signavioMetaData metaKey=""bordercolor"" metaValue=""#000000"" />\n         </ns0:extensionElements>\n         <ns0:incoming>sid-A8EABC33-37EE-40D2-AF15-352A291DEE20</ns0:incoming>\n         <ns0:outgoing>sid-4AEFD19A-2530-4CB0-BBDD-68FCB1B3A934</ns0:outgoing>\n      </ns0:task>\n      \n\nDatabase schema:\nTable: category\n  - id (Integer, primary key)\n  - name (String(255), unique, not null)\n\nTable: reason\n  - id (Integer, primary key)\n  - reason (Text, not null, unique)\n\nTable: category_reason_association\n  - category_id (Integer, FK -> category.id, primary key)\n  - reason_id (Integer, FK -> reason.id, primary key)\n\nRelationships:\n  - category.reasons <-> reason.categories (many-to-many via category_reason_association)\n\n\nCurrent intention:\nUsage\n\nCurrent SQL query:\nSELECT r.reason FROM reason r JOIN category_reason_association cra ON r.id = cra.reason_id JOIN category c ON cra.category_id = c.id WHERE c.name = \'Usage\';'}, {'role': 'user', 'content': 'Die verfügbaren Intentionen sind: [""Collection"", ""Storage"", ""Usage"", ""Transferal"", ""Updated"", ""Deletion"", ""Access""]'}, {'role': 'user', 'content': 'Die verfügbaren Reasons der category  sind: [""Uses personal data \\u2013 processes data for operational, analytical, or business purposes."", ""Uses personal data - processes data for operational, analytical, or business purposes."", ""Uses personal data \\u2013 processes data for operational, analytical, or business purposes\\n"", ""Uses personal data \\u2013 processes data for operational, analytical, or business purposes. If the customer is a natural person or the organization has a contact person."", ""Uses personal data \\u2013 processes data for operational, analytical, or business purposes. If the customer is a natural person or a n organization with a contact person. If the customer is a natural person or a n organization with a contact person."", ""Uses personal data \\u2013 processes data for operational, analytical, or business purposes"", ""Uses personal data (to decide medication), Stores personal data (in medical records)"", ""Uses personal data \\u2013 processes data for operational, analytical, or business purposes.\\nCollects personal health data \\u2013 gathers health information about natural persons.""]'}]","intention_status='unchanged' reason_status='unchanged' intention='Usage' reason='Uses personal data – processes data for operational, analytical, or business purposes.' final_query=""SELECT r.reason FROM reason r JOIN category_reason_association cra ON r.id = cra.reason_id JOIN category c ON cra.category_id = c.id WHERE c.name = 'Usage';"""
"<role>
You are a strict SQL query correction engine.
</role>

<instructions>
You will receive a SQL query and an error message.

1. If the error message is empty or missing, return the given SQL query EXACTLY as provided, without any modification.
2. If the error message is not empty, analyze it and produce a corrected version of the given SQL query that fixes the described error. Keep all other parts of the query unchanged; only fix what the error requires.
3. If the query contains the wrong value in the where clause of the reason table, correct the query with the correct value.
4. Never explain your reasoning, never add comments, never add markdown code fences.
5. Output ONLY a single valid JSON object in exactly this format, with no additional text before or after it:
{""final_query"": ""GENERATED_SQL""}
6. The value of ""final_query"" must be a single valid SQL string. Escape any double quotes or newlines inside it so the JSON stays valid.
</instructions>","Database schema:
Table: category
  - id (Integer, primary key)
  - name (String(255), unique, not null)

Table: reason
  - id (Integer, primary key)
  - reason (Text, not null, unique)

Table: category_reason_association
  - category_id (Integer, FK -> category.id, primary key)
  - reason_id (Integer, FK -> reason.id, primary key)

Relationships:
  - category.reasons <-> reason.categories (many-to-many via category_reason_association)


BPMN Activity Field:
<ns0:task xmlns:ns0=""http://www.omg.org/spec/BPMN/20100524/MODEL"" xmlns:ns1=""http://www.signavio.com"" completionQuantity=""1"" id=""sid-804E11C9-5A21-4CED-AC60-387CAD4945DE"" isForCompensation=""false"" name=""Organize ambulance service"" startQuantity=""1"">
         <ns0:documentation id=""sid-de0d45e5-7bae-4889-b35b-5bdf8114f8a4"">Done by nurse or ward doctor.
</ns0:documentation>
         <ns0:extensionElements>
            <ns1:signavioMetaData metaKey=""bgcolor"" metaValue=""#ffffcc"" />
            <ns1:signavioMetaData metaKey=""bordercolor"" metaValue=""#000000"" />
            <ns1:signavioMetaData metaKey=""maximumduration"" metaValue=""5 minutes"" />
         </ns0:extensionElements>
         <ns0:incoming>sid-0336DD06-DC9C-4628-94EB-0CAFE5E40A77</ns0:incoming>
         <ns0:outgoing>sid-9EB47881-7D35-45F3-9CBF-E2C6EC079659</ns0:outgoing>
         <ns0:ioSpecification id=""sid-804E11C9-5A21-4CED-AC60-387CAD4945DE_iospec"">
            <ns0:dataOutput id=""sid-9c0f5455-0094-4c24-80d1-7848db3d888f"" />
            <ns0:inputSet id=""sid-804E11C9-5A21-4CED-AC60-387CAD4945DE_inset"" name=""DefaultInputSet"">
               <ns0:outputSetRefs>sid-804E11C9-5A21-4CED-AC60-387CAD4945DE_outset</ns0:outputSetRefs>
            </ns0:inputSet>
            <ns0:outputSet id=""sid-804E11C9-5A21-4CED-AC60-387CAD4945DE_outset"" name=""DefaultOutputSet"">
               <ns0:dataOutputRefs>sid-9c0f5455-0094-4c24-80d1-7848db3d888f</ns0:dataOutputRefs>
               <ns0:inputSetRefs>sid-804E11C9-5A21-4CED-AC60-387CAD4945DE_inset</ns0:inputSetRefs>
            </ns0:outputSet>
         </ns0:ioSpecification>
         <ns0:dataInputAssociation id=""sid-6AECF4EB-3B6C-4594-9A75-9AE0F7368D36"">
            <ns0:extensionElements>
               <ns1:signavioMetaData metaKey=""bordercolor"" metaValue=""#000000"" />
               <ns1:signavioLabel align=""left"" distance=""5.8132315"" from=""0"" orientation=""ll"" ref=""name"" to=""1"" valign=""bottom"" x=""436.8019988313003"" y=""112.9245"" />
            </ns0:extensionElements>
            <ns0:sourceRef>sid-EDA61941-014E-4342-9F22-E16CA328FD66</ns0:sourceRef>
            <ns0:targetRef>sid-804E11C9-5A21-4CED-AC60-387CAD4945DE</ns0:targetRef>
         </ns0:dataInputAssociation>
         <ns0:dataOutputAssociation id=""sid-10FAA4B8-487C-451A-B0EA-B1F2C9DE954C"">
            <ns0:extensionElements>
               <ns1:signavioMetaData metaKey=""bordercolor"" metaValue=""#000000"" />
            </ns0:extensionElements>
            <ns0:sourceRef>sid-9c0f5455-0094-4c24-80d1-7848db3d888f</ns0:sourceRef>
            <ns0:targetRef>sid-61D2975E-6DAD-47BF-9E34-62E8B41E53ED</ns0:targetRef>
         </ns0:dataOutputAssociation>
      </ns0:task>
      

Generated SQL:
SELECT r.reason FROM reason r JOIN category_reason_association cra ON r.id = cra.reason_id JOIN category c ON c.id = cra.category_id WHERE c.name = 'Transferal';

Error:


Intent:
Transferal

Reason of Intent:
Transfers personal data – shares data internally, with third parties, or externally,Transfers personal data – shares data internally, with third parties, or externally.,ransfers personal data – shares data internally, with third parties, or externally.,Submit personal data to another institution (court)",SELECT r.reason FROM reason r JOIN category_reason_association cra ON r.id = cra.reason_id JOIN category c ON c.id = cra.category_id WHERE c.name = 'Transferal';
,"[{'role': 'system', 'content': ''}, {'role': 'user', 'content': 'Validate the following SQL query.\n\nActivity field:\n<ns0:task xmlns:ns0=""http://www.omg.org/spec/BPMN/20100524/MODEL"" xmlns:ns1=""http://www.signavio.com"" completionQuantity=""1"" id=""sid-804E11C9-5A21-4CED-AC60-387CAD4945DE"" isForCompensation=""false"" name=""Organize ambulance service"" startQuantity=""1"">\n         <ns0:documentation id=""sid-de0d45e5-7bae-4889-b35b-5bdf8114f8a4"">Done by nurse or ward doctor.\n</ns0:documentation>\n         <ns0:extensionElements>\n            <ns1:signavioMetaData metaKey=""bgcolor"" metaValue=""#ffffcc"" />\n            <ns1:signavioMetaData metaKey=""bordercolor"" metaValue=""#000000"" />\n            <ns1:signavioMetaData metaKey=""maximumduration"" metaValue=""5 minutes"" />\n         </ns0:extensionElements>\n         <ns0:incoming>sid-0336DD06-DC9C-4628-94EB-0CAFE5E40A77</ns0:incoming>\n         <ns0:outgoing>sid-9EB47881-7D35-45F3-9CBF-E2C6EC079659</ns0:outgoing>\n         <ns0:ioSpecification id=""sid-804E11C9-5A21-4CED-AC60-387CAD4945DE_iospec"">\n            <ns0:dataOutput id=""sid-9c0f5455-0094-4c24-80d1-7848db3d888f"" />\n            <ns0:inputSet id=""sid-804E11C9-5A21-4CED-AC60-387CAD4945DE_inset"" name=""DefaultInputSet"">\n               <ns0:outputSetRefs>sid-804E11C9-5A21-4CED-AC60-387CAD4945DE_outset</ns0:outputSetRefs>\n            </ns0:inputSet>\n            <ns0:outputSet id=""sid-804E11C9-5A21-4CED-AC60-387CAD4945DE_outset"" name=""DefaultOutputSet"">\n               <ns0:dataOutputRefs>sid-9c0f5455-0094-4c24-80d1-7848db3d888f</ns0:dataOutputRefs>\n               <ns0:inputSetRefs>sid-804E11C9-5A21-4CED-AC60-387CAD4945DE_inset</ns0:inputSetRefs>\n            </ns0:outputSet>\n         </ns0:ioSpecification>\n         <ns0:dataInputAssociation id=""sid-6AECF4EB-3B6C-4594-9A75-9AE0F7368D36"">\n            <ns0:extensionElements>\n               <ns1:signavioMetaData metaKey=""bordercolor"" metaValue=""#000000"" />\n               <ns1:signavioLabel align=""left"" distance=""5.8132315"" from=""0"" orientation=""ll"" ref=""name"" to=""1"" valign=""bottom"" x=""436.8019988313003"" y=""112.9245"" />\n            </ns0:extensionElements>\n            <ns0:sourceRef>sid-EDA61941-014E-4342-9F22-E16CA328FD66</ns0:sourceRef>\n            <ns0:targetRef>sid-804E11C9-5A21-4CED-AC60-387CAD4945DE</ns0:targetRef>\n         </ns0:dataInputAssociation>\n         <ns0:dataOutputAssociation id=""sid-10FAA4B8-487C-451A-B0EA-B1F2C9DE954C"">\n            <ns0:extensionElements>\n               <ns1:signavioMetaData metaKey=""bordercolor"" metaValue=""#000000"" />\n            </ns0:extensionElements>\n            <ns0:sourceRef>sid-9c0f5455-0094-4c24-80d1-7848db3d888f</ns0:sourceRef>\n            <ns0:targetRef>sid-61D2975E-6DAD-47BF-9E34-62E8B41E53ED</ns0:targetRef>\n         </ns0:dataOutputAssociation>\n      </ns0:task>\n      \n\nDatabase schema:\nTable: category\n  - id (Integer, primary key)\n  - name (String(255), unique, not null)\n\nTable: reason\n  - id (Integer, primary key)\n  - reason (Text, not null, unique)\n\nTable: category_reason_association\n  - category_id (Integer, FK -> category.id, primary key)\n  - reason_id (Integer, FK -> reason.id, primary key)\n\nRelationships:\n  - category.reasons <-> reason.categories (many-to-many via category_reason_association)\n\n\nCurrent intention:\nTransferal\n\nCurrent SQL query:\nSELECT r.reason FROM reason r JOIN category_reason_association cra ON r.id = cra.reason_id JOIN category c ON c.id = cra.category_id WHERE c.name = \'Transferal\';'}, {'role': 'user', 'content': 'Die verfügbaren Intentionen sind: [""Collection"", ""Storage"", ""Usage"", ""Transferal"", ""Updated"", ""Deletion"", ""Access""]'}, {'role': 'user', 'content': 'Die verfügbaren Reasons der category  sind: [""Transfers personal data \\u2013 shares data internally, with third parties, or externally"", ""Transfers personal data \\u2013 shares data internally, with third parties, or externally."", ""ransfers personal data \\u2013 shares data internally, with third parties, or externally."", ""Submit personal data to another institution (court)""]'}]","intention_status='unchanged' reason_status='unchanged' intention='Transferal' reason='Query correctly selects reasons for the Transferal category.' final_query=""SELECT r.reason FROM reason r JOIN category_reason_association cra ON r.id = cra.reason_id JOIN category c ON c.id = cra.category_id WHERE c.name = 'Transferal';"""
"<role>
You are a strict SQL query correction engine.
</role>

<instructions>
You will receive a SQL query and an error message.

1. If the error message is empty or missing, return the given SQL query EXACTLY as provided, without any modification.
2. If the error message is not empty, analyze it and produce a corrected version of the given SQL query that fixes the described error. Keep all other parts of the query unchanged; only fix what the error requires.
3. If the query contains the wrong value in the where clause of the reason table, correct the query with the correct value.
4. Never explain your reasoning, never add comments, never add markdown code fences.
5. Output ONLY a single valid JSON object in exactly this format, with no additional text before or after it:
{""final_query"": ""GENERATED_SQL""}
6. The value of ""final_query"" must be a single valid SQL string. Escape any double quotes or newlines inside it so the JSON stays valid.
</instructions>","Database schema:
Table: category
  - id (Integer, primary key)
  - name (String(255), unique, not null)

Table: reason
  - id (Integer, primary key)
  - reason (Text, not null, unique)

Table: category_reason_association
  - category_id (Integer, FK -> category.id, primary key)
  - reason_id (Integer, FK -> reason.id, primary key)

Relationships:
  - category.reasons <-> reason.categories (many-to-many via category_reason_association)


BPMN Activity Field:
<ns0:task xmlns:ns0=""http://www.omg.org/spec/BPMN/20100524/MODEL"" xmlns:ns1=""http://www.signavio.com"" completionQuantity=""1"" id=""sid-24E41551-0FD9-438B-B46C-CC2F70C77891"" isForCompensation=""false"" name=""Prepare patient for examination"" startQuantity=""1"">
         <ns0:extensionElements>
            <ns1:signavioMetaData metaKey=""bgcolor"" metaValue=""#ffffcc"" />
            <ns1:signavioMetaData metaKey=""bordercolor"" metaValue=""#000000"" />
         </ns0:extensionElements>
         <ns0:incoming>sid-33C2243A-5E5F-49AF-AB17-B8EF35D91990</ns0:incoming>
         <ns0:outgoing>sid-48F05CD0-A806-4ECE-A50F-1A6DA9574975</ns0:outgoing>
         <ns0:dataInputAssociation id=""sid-9D687B66-21B7-4FC2-B66F-2ADC4C0C8B7A"">
            <ns0:extensionElements>
               <ns1:signavioMetaData metaKey=""bordercolor"" metaValue=""#000000"" />
            </ns0:extensionElements>
            <ns0:sourceRef>sid-EDA61941-014E-4342-9F22-E16CA328FD66</ns0:sourceRef>
            <ns0:targetRef>sid-24E41551-0FD9-438B-B46C-CC2F70C77891</ns0:targetRef>
         </ns0:dataInputAssociation>
         <ns0:dataOutputAssociation id=""sid-1C8D0C15-3FB3-4906-B1D1-14D5FA5FD853"">
            <ns0:extensionElements>
               <ns1:signavioMetaData metaKey=""bordercolor"" metaValue=""#000000"" />
            </ns0:extensionElements>
            <ns0:sourceRef>sid-24E41551-0FD9-438B-B46C-CC2F70C77891</ns0:sourceRef>
            <ns0:targetRef>sid-EDA61941-014E-4342-9F22-E16CA328FD66</ns0:targetRef>
         </ns0:dataOutputAssociation>
      </ns0:task>
      

Generated SQL:
SELECT r.reason FROM reason r JOIN category_reason_association cra ON r.id = cra.reason_id JOIN category c ON cra.category_id = c.id WHERE c.name = 'Usage';

Error:


Intent:
Usage

Reason of Intent:
Uses personal data – processes data for operational, analytical, or business purposes.,Uses personal data - processes data for operational, analytical, or business purposes.,Uses personal data – processes data for operational, analytical, or business purposes
,Uses personal data – processes data for operational, analytical, or business purposes. If the customer is a natural person or the organization has a contact person.,Uses personal data – processes data for operational, analytical, or business purposes. If the customer is a natural person or a n organization with a contact person. If the customer is a natural person or a n organization with a contact person.,Uses personal data – processes data for operational, analytical, or business purposes,Uses personal data (to decide medication), Stores personal data (in medical records),Uses personal data – processes data for operational, analytical, or business purposes.
Collects personal health data – gathers health information about natural persons.",SELECT r.reason FROM reason r JOIN category_reason_association cra ON r.id = cra.reason_id JOIN category c ON cra.category_id = c.id WHERE c.name = 'Usage';
,"[{'role': 'system', 'content': ''}, {'role': 'user', 'content': 'Validate the following SQL query.\n\nActivity field:\n<ns0:task xmlns:ns0=""http://www.omg.org/spec/BPMN/20100524/MODEL"" xmlns:ns1=""http://www.signavio.com"" completionQuantity=""1"" id=""sid-24E41551-0FD9-438B-B46C-CC2F70C77891"" isForCompensation=""false"" name=""Prepare patient for examination"" startQuantity=""1"">\n         <ns0:extensionElements>\n            <ns1:signavioMetaData metaKey=""bgcolor"" metaValue=""#ffffcc"" />\n            <ns1:signavioMetaData metaKey=""bordercolor"" metaValue=""#000000"" />\n         </ns0:extensionElements>\n         <ns0:incoming>sid-33C2243A-5E5F-49AF-AB17-B8EF35D91990</ns0:incoming>\n         <ns0:outgoing>sid-48F05CD0-A806-4ECE-A50F-1A6DA9574975</ns0:outgoing>\n         <ns0:dataInputAssociation id=""sid-9D687B66-21B7-4FC2-B66F-2ADC4C0C8B7A"">\n            <ns0:extensionElements>\n               <ns1:signavioMetaData metaKey=""bordercolor"" metaValue=""#000000"" />\n            </ns0:extensionElements>\n            <ns0:sourceRef>sid-EDA61941-014E-4342-9F22-E16CA328FD66</ns0:sourceRef>\n            <ns0:targetRef>sid-24E41551-0FD9-438B-B46C-CC2F70C77891</ns0:targetRef>\n         </ns0:dataInputAssociation>\n         <ns0:dataOutputAssociation id=""sid-1C8D0C15-3FB3-4906-B1D1-14D5FA5FD853"">\n            <ns0:extensionElements>\n               <ns1:signavioMetaData metaKey=""bordercolor"" metaValue=""#000000"" />\n            </ns0:extensionElements>\n            <ns0:sourceRef>sid-24E41551-0FD9-438B-B46C-CC2F70C77891</ns0:sourceRef>\n            <ns0:targetRef>sid-EDA61941-014E-4342-9F22-E16CA328FD66</ns0:targetRef>\n         </ns0:dataOutputAssociation>\n      </ns0:task>\n      \n\nDatabase schema:\nTable: category\n  - id (Integer, primary key)\n  - name (String(255), unique, not null)\n\nTable: reason\n  - id (Integer, primary key)\n  - reason (Text, not null, unique)\n\nTable: category_reason_association\n  - category_id (Integer, FK -> category.id, primary key)\n  - reason_id (Integer, FK -> reason.id, primary key)\n\nRelationships:\n  - category.reasons <-> reason.categories (many-to-many via category_reason_association)\n\n\nCurrent intention:\nUsage\n\nCurrent SQL query:\nSELECT r.reason FROM reason r JOIN category_reason_association cra ON r.id = cra.reason_id JOIN category c ON cra.category_id = c.id WHERE c.name = \'Usage\';'}, {'role': 'user', 'content': 'Die verfügbaren Intentionen sind: [""Collection"", ""Storage"", ""Usage"", ""Transferal"", ""Updated"", ""Deletion"", ""Access""]'}, {'role': 'user', 'content': 'Die verfügbaren Reasons der category  sind: [""Uses personal data \\u2013 processes data for operational, analytical, or business purposes."", ""Uses personal data - processes data for operational, analytical, or business purposes."", ""Uses personal data \\u2013 processes data for operational, analytical, or business purposes\\n"", ""Uses personal data \\u2013 processes data for operational, analytical, or business purposes. If the customer is a natural person or the organization has a contact person."", ""Uses personal data \\u2013 processes data for operational, analytical, or business purposes. If the customer is a natural person or a n organization with a contact person. If the customer is a natural person or a n organization with a contact person."", ""Uses personal data \\u2013 processes data for operational, analytical, or business purposes"", ""Uses personal data (to decide medication), Stores personal data (in medical records)"", ""Uses personal data \\u2013 processes data for operational, analytical, or business purposes.\\nCollects personal health data \\u2013 gathers health information about natural persons.""]'}]","intention_status='unchanged' reason_status='unchanged' intention='Usage' reason='All reasons associated with Usage category' final_query=""SELECT r.reason FROM reason r JOIN category_reason_association cra ON r.id = cra.reason_id JOIN category c ON cra.category_id = c.id WHERE c.name = 'Usage';"""
"<role>
You are a strict SQL query correction engine.
</role>

<instructions>
You will receive a SQL query and an error message.

1. If the error message is empty or missing, return the given SQL query EXACTLY as provided, without any modification.
2. If the error message is not empty, analyze it and produce a corrected version of the given SQL query that fixes the described error. Keep all other parts of the query unchanged; only fix what the error requires.
3. If the query contains the wrong value in the where clause of the reason table, correct the query with the correct value.
4. Never explain your reasoning, never add comments, never add markdown code fences.
5. Output ONLY a single valid JSON object in exactly this format, with no additional text before or after it:
{""final_query"": ""GENERATED_SQL""}
6. The value of ""final_query"" must be a single valid SQL string. Escape any double quotes or newlines inside it so the JSON stays valid.
</instructions>","Database schema:
Table: category
  - id (Integer, primary key)
  - name (String(255), unique, not null)

Table: reason
  - id (Integer, primary key)
  - reason (Text, not null, unique)

Table: category_reason_association
  - category_id (Integer, FK -> category.id, primary key)
  - reason_id (Integer, FK -> reason.id, primary key)

Relationships:
  - category.reasons <-> reason.categories (many-to-many via category_reason_association)


BPMN Activity Field:
<ns0:task xmlns:ns0=""http://www.omg.org/spec/BPMN/20100524/MODEL"" xmlns:ns1=""http://www.signavio.com"" completionQuantity=""1"" id=""sid-E1C0CEBD-E12E-4DF4-B123-25F61C00532B"" isForCompensation=""false"" name=""Fill in transport document"" startQuantity=""1"">
         <ns0:documentation id=""sid-51f1d25d-75db-41af-b882-86d68e5b2611"">Done by nurse or ward doctor.
</ns0:documentation>
         <ns0:extensionElements>
            <ns1:signavioMetaData metaKey=""bgcolor"" metaValue=""#ffffcc"" />
            <ns1:signavioMetaData metaKey=""bordercolor"" metaValue=""#000000"" />
            <ns1:signavioMetaData metaKey=""maximumduration"" metaValue=""5 minutes"" />
         </ns0:extensionElements>
         <ns0:incoming>sid-9F982D0E-670E-4BBF-9321-94DDFD59639C</ns0:incoming>
         <ns0:outgoing>sid-60E35DEA-3E32-49D0-971F-AF33F2D7E21E</ns0:outgoing>
         <ns0:ioSpecification id=""sid-E1C0CEBD-E12E-4DF4-B123-25F61C00532B_iospec"">
            <ns0:dataOutput id=""sid-6be05bb7-46c3-4d3f-a520-c2d69788f65f"" />
            <ns0:inputSet id=""sid-E1C0CEBD-E12E-4DF4-B123-25F61C00532B_inset"" name=""DefaultInputSet"">
               <ns0:outputSetRefs>sid-E1C0CEBD-E12E-4DF4-B123-25F61C00532B_outset</ns0:outputSetRefs>
            </ns0:inputSet>
            <ns0:outputSet id=""sid-E1C0CEBD-E12E-4DF4-B123-25F61C00532B_outset"" name=""DefaultOutputSet"">
               <ns0:dataOutputRefs>sid-6be05bb7-46c3-4d3f-a520-c2d69788f65f</ns0:dataOutputRefs>
               <ns0:inputSetRefs>sid-E1C0CEBD-E12E-4DF4-B123-25F61C00532B_inset</ns0:inputSetRefs>
            </ns0:outputSet>
         </ns0:ioSpecification>
         <ns0:dataOutputAssociation id=""sid-7652E1B7-6744-4F4A-977B-8F9847284084"">
            <ns0:extensionElements>
               <ns1:signavioMetaData metaKey=""bordercolor"" metaValue=""#000000"" />
            </ns0:extensionElements>
            <ns0:sourceRef>sid-6be05bb7-46c3-4d3f-a520-c2d69788f65f</ns0:sourceRef>
            <ns0:targetRef>sid-5CF43FAF-0D8F-4865-971C-A3065F6AD2FE</ns0:targetRef>
         </ns0:dataOutputAssociation>
      </ns0:task>
      

Generated SQL:
SELECT r.reason FROM reason r JOIN category_reason_association cra ON r.id = cra.reason_id JOIN category c ON cra.category_id = c.id WHERE c.name = 'Collection';

Error:


Intent:
Collection

Reason of Intent:
Collects personal data – gathers information about natural persons., Collects personal data – gathers information about natural persons (PersonalID, departmentID, Time schedule),Collects personal data – gathers information about natural persons (e.g., name, email).,Collects personal data – gathers information about natural persons (speech).,Collects personal health data – gathers health information about natural persons.,Collects personal health data – gathers health information about natural persons.
Stores personal data – saves information in databases, systems, or files.,Patient transport data is filled into a form which includes personal data such as weight, height, name, age etc,Uses personal data – processes data for operational, analytical, or business purposes.
Collects personal health data – gathers health information about natural persons.",SELECT r.reason FROM reason r JOIN category_reason_association cra ON r.id = cra.reason_id JOIN category c ON cra.category_id = c.id WHERE c.name = 'Collection';
,"[{'role': 'system', 'content': ''}, {'role': 'user', 'content': 'Validate the following SQL query.\n\nActivity field:\n<ns0:task xmlns:ns0=""http://www.omg.org/spec/BPMN/20100524/MODEL"" xmlns:ns1=""http://www.signavio.com"" completionQuantity=""1"" id=""sid-E1C0CEBD-E12E-4DF4-B123-25F61C00532B"" isForCompensation=""false"" name=""Fill in transport document"" startQuantity=""1"">\n         <ns0:documentation id=""sid-51f1d25d-75db-41af-b882-86d68e5b2611"">Done by nurse or ward doctor.\n</ns0:documentation>\n         <ns0:extensionElements>\n            <ns1:signavioMetaData metaKey=""bgcolor"" metaValue=""#ffffcc"" />\n            <ns1:signavioMetaData metaKey=""bordercolor"" metaValue=""#000000"" />\n            <ns1:signavioMetaData metaKey=""maximumduration"" metaValue=""5 minutes"" />\n         </ns0:extensionElements>\n         <ns0:incoming>sid-9F982D0E-670E-4BBF-9321-94DDFD59639C</ns0:incoming>\n         <ns0:outgoing>sid-60E35DEA-3E32-49D0-971F-AF33F2D7E21E</ns0:outgoing>\n         <ns0:ioSpecification id=""sid-E1C0CEBD-E12E-4DF4-B123-25F61C00532B_iospec"">\n            <ns0:dataOutput id=""sid-6be05bb7-46c3-4d3f-a520-c2d69788f65f"" />\n            <ns0:inputSet id=""sid-E1C0CEBD-E12E-4DF4-B123-25F61C00532B_inset"" name=""DefaultInputSet"">\n               <ns0:outputSetRefs>sid-E1C0CEBD-E12E-4DF4-B123-25F61C00532B_outset</ns0:outputSetRefs>\n            </ns0:inputSet>\n            <ns0:outputSet id=""sid-E1C0CEBD-E12E-4DF4-B123-25F61C00532B_outset"" name=""DefaultOutputSet"">\n               <ns0:dataOutputRefs>sid-6be05bb7-46c3-4d3f-a520-c2d69788f65f</ns0:dataOutputRefs>\n               <ns0:inputSetRefs>sid-E1C0CEBD-E12E-4DF4-B123-25F61C00532B_inset</ns0:inputSetRefs>\n            </ns0:outputSet>\n         </ns0:ioSpecification>\n         <ns0:dataOutputAssociation id=""sid-7652E1B7-6744-4F4A-977B-8F9847284084"">\n            <ns0:extensionElements>\n               <ns1:signavioMetaData metaKey=""bordercolor"" metaValue=""#000000"" />\n            </ns0:extensionElements>\n            <ns0:sourceRef>sid-6be05bb7-46c3-4d3f-a520-c2d69788f65f</ns0:sourceRef>\n            <ns0:targetRef>sid-5CF43FAF-0D8F-4865-971C-A3065F6AD2FE</ns0:targetRef>\n         </ns0:dataOutputAssociation>\n      </ns0:task>\n      \n\nDatabase schema:\nTable: category\n  - id (Integer, primary key)\n  - name (String(255), unique, not null)\n\nTable: reason\n  - id (Integer, primary key)\n  - reason (Text, not null, unique)\n\nTable: category_reason_association\n  - category_id (Integer, FK -> category.id, primary key)\n  - reason_id (Integer, FK -> reason.id, primary key)\n\nRelationships:\n  - category.reasons <-> reason.categories (many-to-many via category_reason_association)\n\n\nCurrent intention:\nCollection\n\nCurrent SQL query:\nSELECT r.reason FROM reason r JOIN category_reason_association cra ON r.id = cra.reason_id JOIN category c ON cra.category_id = c.id WHERE c.name = \'Collection\';'}, {'role': 'user', 'content': 'Die verfügbaren Intentionen sind: [""Collection"", ""Storage"", ""Usage"", ""Transferal"", ""Updated"", ""Deletion"", ""Access""]'}, {'role': 'user', 'content': 'Die verfügbaren Reasons der category  sind: [""Collects personal data \\u2013 gathers information about natural persons."", "" Collects personal data \\u2013 gathers information about natural persons (PersonalID, departmentID, Time schedule)"", ""Collects personal data \\u2013 gathers information about natural persons (e.g., name, email)."", ""Collects personal data \\u2013 gathers information about natural persons (speech)."", ""Collects personal health data \\u2013 gathers health information about natural persons."", ""Collects personal health data \\u2013 gathers health information about natural persons.\\nStores personal data \\u2013 saves information in databases, systems, or files."", ""Patient transport data is filled into a form which includes personal data such as weight, height, name, age etc"", ""Uses personal data \\u2013 processes data for operational, analytical, or business purposes.\\nCollects personal health data \\u2013 gathers health information about natural persons.""]'}]","intention_status='unchanged' reason_status='unchanged' intention='Collection' reason='The query correctly retrieves reasons associated with the Collection category.' final_query=""SELECT r.reason FROM reason r JOIN category_reason_association cra ON r.id = cra.reason_id JOIN category c ON cra.category_id = c.id WHERE c.name = 'Collection';"""
"<role>
You are a strict SQL query correction engine.
</role>

<instructions>
You will receive a SQL query and an error message.

1. If the error message is empty or missing, return the given SQL query EXACTLY as provided, without any modification.
2. If the error message is not empty, analyze it and produce a corrected version of the given SQL query that fixes the described error. Keep all other parts of the query unchanged; only fix what the error requires.
3. If the query contains the wrong value in the where clause of the reason table, correct the query with the correct value.
4. Never explain your reasoning, never add comments, never add markdown code fences.
5. Output ONLY a single valid JSON object in exactly this format, with no additional text before or after it:
{""final_query"": ""GENERATED_SQL""}
6. The value of ""final_query"" must be a single valid SQL string. Escape any double quotes or newlines inside it so the JSON stays valid.
</instructions>","Database schema:
Table: category
  - id (Integer, primary key)
  - name (String(255), unique, not null)

Table: reason
  - id (Integer, primary key)
  - reason (Text, not null, unique)

Table: category_reason_association
  - category_id (Integer, FK -> category.id, primary key)
  - reason_id (Integer, FK -> reason.id, primary key)

Relationships:
  - category.reasons <-> reason.categories (many-to-many via category_reason_association)


BPMN Activity Field:
<ns0:task xmlns:ns0=""http://www.omg.org/spec/BPMN/20100524/MODEL"" xmlns:ns1=""http://www.signavio.com"" completionQuantity=""1"" id=""sid-D3669E44-52E8-472C-BCE3-D8E3438E1EFE"" isForCompensation=""false"" name=""Transport patient to examination"" startQuantity=""1"">
         <ns0:documentation id=""sid-6b2cfc97-a496-4dd1-9b5f-5412c9f27de6"">
</ns0:documentation>
         <ns0:extensionElements>
            <ns1:signavioMetaData metaKey=""bgcolor"" metaValue=""#ffffcc"" />
            <ns1:signavioMetaData metaKey=""bordercolor"" metaValue=""#000000"" />
         </ns0:extensionElements>
         <ns0:incoming>sid-C41AC5AA-0147-44D5-8B41-FA4C2984957C</ns0:incoming>
         <ns0:outgoing>sid-2D32BE1B-F943-42BD-B3ED-85473E586240</ns0:outgoing>
      </ns0:task>
      

Generated SQL:
SELECT r.reason FROM reason r JOIN category_reason_association cra ON r.id = cra.reason_id JOIN category c ON cra.category_id = c.id WHERE c.name = 'Transferal';

Error:


Intent:
Transferal

Reason of Intent:
Transfers personal data – shares data internally, with third parties, or externally,Transfers personal data – shares data internally, with third parties, or externally.,ransfers personal data – shares data internally, with third parties, or externally.,Submit personal data to another institution (court)",SELECT r.reason FROM reason r JOIN category_reason_association cra ON r.id = cra.reason_id JOIN category c ON cra.category_id = c.id WHERE c.name = 'Transferal';
,"[{'role': 'system', 'content': ''}, {'role': 'user', 'content': 'Validate the following SQL query.\n\nActivity field:\n<ns0:task xmlns:ns0=""http://www.omg.org/spec/BPMN/20100524/MODEL"" xmlns:ns1=""http://www.signavio.com"" completionQuantity=""1"" id=""sid-D3669E44-52E8-472C-BCE3-D8E3438E1EFE"" isForCompensation=""false"" name=""Transport patient to examination"" startQuantity=""1"">\n         <ns0:documentation id=""sid-6b2cfc97-a496-4dd1-9b5f-5412c9f27de6"">\n</ns0:documentation>\n         <ns0:extensionElements>\n            <ns1:signavioMetaData metaKey=""bgcolor"" metaValue=""#ffffcc"" />\n            <ns1:signavioMetaData metaKey=""bordercolor"" metaValue=""#000000"" />\n         </ns0:extensionElements>\n         <ns0:incoming>sid-C41AC5AA-0147-44D5-8B41-FA4C2984957C</ns0:incoming>\n         <ns0:outgoing>sid-2D32BE1B-F943-42BD-B3ED-85473E586240</ns0:outgoing>\n      </ns0:task>\n      \n\nDatabase schema:\nTable: category\n  - id (Integer, primary key)\n  - name (String(255), unique, not null)\n\nTable: reason\n  - id (Integer, primary key)\n  - reason (Text, not null, unique)\n\nTable: category_reason_association\n  - category_id (Integer, FK -> category.id, primary key)\n  - reason_id (Integer, FK -> reason.id, primary key)\n\nRelationships:\n  - category.reasons <-> reason.categories (many-to-many via category_reason_association)\n\n\nCurrent intention:\nTransferal\n\nCurrent SQL query:\nSELECT r.reason FROM reason r JOIN category_reason_association cra ON r.id = cra.reason_id JOIN category c ON cra.category_id = c.id WHERE c.name = \'Transferal\';'}, {'role': 'user', 'content': 'Die verfügbaren Intentionen sind: [""Collection"", ""Storage"", ""Usage"", ""Transferal"", ""Updated"", ""Deletion"", ""Access""]'}, {'role': 'user', 'content': 'Die verfügbaren Reasons der category  sind: [""Transfers personal data \\u2013 shares data internally, with third parties, or externally"", ""Transfers personal data \\u2013 shares data internally, with third parties, or externally."", ""ransfers personal data \\u2013 shares data internally, with third parties, or externally."", ""Submit personal data to another institution (court)""]'}]","intention_status='unchanged' reason_status='unchanged' intention='Transferal' reason='Transfers personal data – shares data internally, with third parties, or externally' final_query=""SELECT r.reason FROM reason r JOIN category_reason_association cra ON r.id = cra.reason_id JOIN category c ON cra.category_id = c.id WHERE c.name = 'Transferal';"""
"<role>
You are a strict SQL query correction engine.
</role>

<instructions>
You will receive a SQL query and an error message.

1. If the error message is empty or missing, return the given SQL query EXACTLY as provided, without any modification.
2. If the error message is not empty, analyze it and produce a corrected version of the given SQL query that fixes the described error. Keep all other parts of the query unchanged; only fix what the error requires.
3. If the query contains the wrong value in the where clause of the reason table, correct the query with the correct value.
4. Never explain your reasoning, never add comments, never add markdown code fences.
5. Output ONLY a single valid JSON object in exactly this format, with no additional text before or after it:
{""final_query"": ""GENERATED_SQL""}
6. The value of ""final_query"" must be a single valid SQL string. Escape any double quotes or newlines inside it so the JSON stays valid.
</instructions>","Database schema:
Table: category
  - id (Integer, primary key)
  - name (String(255), unique, not null)

Table: reason
  - id (Integer, primary key)
  - reason (Text, not null, unique)

Table: category_reason_association
  - category_id (Integer, FK -> category.id, primary key)
  - reason_id (Integer, FK -> reason.id, primary key)

Relationships:
  - category.reasons <-> reason.categories (many-to-many via category_reason_association)


BPMN Activity Field:
<ns0:task xmlns:ns0=""http://www.omg.org/spec/BPMN/20100524/MODEL"" xmlns:ns1=""http://www.signavio.com"" completionQuantity=""1"" id=""sid-37A4BE79-8627-4E33-A0A7-38FEA93FF358"" isForCompensation=""false"" name=""Determine clinical stage on the basis of surgery and histology results"" startQuantity=""1"">
         <ns0:extensionElements>
            <ns1:signavioMetaData metaKey=""bgcolor"" metaValue=""#ffffcc"" />
            <ns1:signavioMetaData metaKey=""bordercolor"" metaValue=""#000000"" />
            <ns1:signavioMetaData metaKey=""maximumduration"" metaValue=""1 minute"" />
         </ns0:extensionElements>
         <ns0:incoming>sid-B7567984-E003-4E05-B43F-938101866AA6</ns0:incoming>
         <ns0:outgoing>sid-D7C83DB4-D24A-4208-9F09-5C9C6925BAB5</ns0:outgoing>
         <ns0:ioSpecification id=""sid-37A4BE79-8627-4E33-A0A7-38FEA93FF358_iospec"">
            <ns0:dataInput id=""sid-788d1fe3-38e7-4b49-a490-0b255eb5a271"" />
            <ns0:dataOutput id=""sid-8eb0ad95-e28a-48a2-8174-633406af4ef3"" />
            <ns0:inputSet id=""sid-37A4BE79-8627-4E33-A0A7-38FEA93FF358_inset"" name=""DefaultInputSet"">
               <ns0:dataInputRefs>sid-788d1fe3-38e7-4b49-a490-0b255eb5a271</ns0:dataInputRefs>
               <ns0:outputSetRefs>sid-37A4BE79-8627-4E33-A0A7-38FEA93FF358_outset</ns0:outputSetRefs>
            </ns0:inputSet>
            <ns0:outputSet id=""sid-37A4BE79-8627-4E33-A0A7-38FEA93FF358_outset"" name=""DefaultOutputSet"">
               <ns0:dataOutputRefs>sid-8eb0ad95-e28a-48a2-8174-633406af4ef3</ns0:dataOutputRefs>
               <ns0:inputSetRefs>sid-37A4BE79-8627-4E33-A0A7-38FEA93FF358_inset</ns0:inputSetRefs>
            </ns0:outputSet>
         </ns0:ioSpecification>
         <ns0:dataInputAssociation id=""sid-84CB8994-2167-4D36-B416-FABED2A78473"">
            <ns0:extensionElements>
               <ns1:signavioMetaData metaKey=""bordercolor"" metaValue=""#000000"" />
            </ns0:extensionElements>
            <ns0:sourceRef>sid-3FC1AE31-2832-4D21-AD01-9BFA73CCBAE7</ns0:sourceRef>
            <ns0:targetRef>sid-788d1fe3-38e7-4b49-a490-0b255eb5a271</ns0:targetRef>
         </ns0:dataInputAssociation>
         <ns0:dataOutputAssociation id=""sid-DDC1D972-31C6-47CB-9330-CF655DFF7C76"">
            <ns0:extensionElements>
               <ns1:signavioMetaData metaKey=""bordercolor"" metaValue=""#000000"" />
            </ns0:extensionElements>
            <ns0:sourceRef>sid-8eb0ad95-e28a-48a2-8174-633406af4ef3</ns0:sourceRef>
            <ns0:targetRef>sid-883DC76F-5B37-42D8-8ED7-849B0FB0991F</ns0:targetRef>
         </ns0:dataOutputAssociation>
      </ns0:task>
      

Generated SQL:
SELECT r.reason FROM reason r JOIN category_reason_association cra ON r.id=cra.reason_id JOIN category c ON c.id=cra.category_id WHERE c.name='Usage';

Error:


Intent:
Usage

Reason of Intent:
Uses personal data – processes data for operational, analytical, or business purposes.,Uses personal data - processes data for operational, analytical, or business purposes.,Uses personal data – processes data for operational, analytical, or business purposes
,Uses personal data – processes data for operational, analytical, or business purposes. If the customer is a natural person or the organization has a contact person.,Uses personal data – processes data for operational, analytical, or business purposes. If the customer is a natural person or a n organization with a contact person. If the customer is a natural person or a n organization with a contact person.,Uses personal data – processes data for operational, analytical, or business purposes,Uses personal data (to decide medication), Stores personal data (in medical records),Uses personal data – processes data for operational, analytical, or business purposes.
Collects personal health data – gathers health information about natural persons.",SELECT r.reason FROM reason r JOIN category_reason_association cra ON r.id=cra.reason_id JOIN category c ON c.id=cra.category_id WHERE c.name='Usage';
,"[{'role': 'system', 'content': ''}, {'role': 'user', 'content': 'Validate the following SQL query.\n\nActivity field:\n<ns0:task xmlns:ns0=""http://www.omg.org/spec/BPMN/20100524/MODEL"" xmlns:ns1=""http://www.signavio.com"" completionQuantity=""1"" id=""sid-37A4BE79-8627-4E33-A0A7-38FEA93FF358"" isForCompensation=""false"" name=""Determine clinical stage on the basis of surgery and histology results"" startQuantity=""1"">\n         <ns0:extensionElements>\n            <ns1:signavioMetaData metaKey=""bgcolor"" metaValue=""#ffffcc"" />\n            <ns1:signavioMetaData metaKey=""bordercolor"" metaValue=""#000000"" />\n            <ns1:signavioMetaData metaKey=""maximumduration"" metaValue=""1 minute"" />\n         </ns0:extensionElements>\n         <ns0:incoming>sid-B7567984-E003-4E05-B43F-938101866AA6</ns0:incoming>\n         <ns0:outgoing>sid-D7C83DB4-D24A-4208-9F09-5C9C6925BAB5</ns0:outgoing>\n         <ns0:ioSpecification id=""sid-37A4BE79-8627-4E33-A0A7-38FEA93FF358_iospec"">\n            <ns0:dataInput id=""sid-788d1fe3-38e7-4b49-a490-0b255eb5a271"" />\n            <ns0:dataOutput id=""sid-8eb0ad95-e28a-48a2-8174-633406af4ef3"" />\n            <ns0:inputSet id=""sid-37A4BE79-8627-4E33-A0A7-38FEA93FF358_inset"" name=""DefaultInputSet"">\n               <ns0:dataInputRefs>sid-788d1fe3-38e7-4b49-a490-0b255eb5a271</ns0:dataInputRefs>\n               <ns0:outputSetRefs>sid-37A4BE79-8627-4E33-A0A7-38FEA93FF358_outset</ns0:outputSetRefs>\n            </ns0:inputSet>\n            <ns0:outputSet id=""sid-37A4BE79-8627-4E33-A0A7-38FEA93FF358_outset"" name=""DefaultOutputSet"">\n               <ns0:dataOutputRefs>sid-8eb0ad95-e28a-48a2-8174-633406af4ef3</ns0:dataOutputRefs>\n               <ns0:inputSetRefs>sid-37A4BE79-8627-4E33-A0A7-38FEA93FF358_inset</ns0:inputSetRefs>\n            </ns0:outputSet>\n         </ns0:ioSpecification>\n         <ns0:dataInputAssociation id=""sid-84CB8994-2167-4D36-B416-FABED2A78473"">\n            <ns0:extensionElements>\n               <ns1:signavioMetaData metaKey=""bordercolor"" metaValue=""#000000"" />\n            </ns0:extensionElements>\n            <ns0:sourceRef>sid-3FC1AE31-2832-4D21-AD01-9BFA73CCBAE7</ns0:sourceRef>\n            <ns0:targetRef>sid-788d1fe3-38e7-4b49-a490-0b255eb5a271</ns0:targetRef>\n         </ns0:dataInputAssociation>\n         <ns0:dataOutputAssociation id=""sid-DDC1D972-31C6-47CB-9330-CF655DFF7C76"">\n            <ns0:extensionElements>\n               <ns1:signavioMetaData metaKey=""bordercolor"" metaValue=""#000000"" />\n            </ns0:extensionElements>\n            <ns0:sourceRef>sid-8eb0ad95-e28a-48a2-8174-633406af4ef3</ns0:sourceRef>\n            <ns0:targetRef>sid-883DC76F-5B37-42D8-8ED7-849B0FB0991F</ns0:targetRef>\n         </ns0:dataOutputAssociation>\n      </ns0:task>\n      \n\nDatabase schema:\nTable: category\n  - id (Integer, primary key)\n  - name (String(255), unique, not null)\n\nTable: reason\n  - id (Integer, primary key)\n  - reason (Text, not null, unique)\n\nTable: category_reason_association\n  - category_id (Integer, FK -> category.id, primary key)\n  - reason_id (Integer, FK -> reason.id, primary key)\n\nRelationships:\n  - category.reasons <-> reason.categories (many-to-many via category_reason_association)\n\n\nCurrent intention:\nUsage\n\nCurrent SQL query:\nSELECT r.reason FROM reason r JOIN category_reason_association cra ON r.id=cra.reason_id JOIN category c ON c.id=cra.category_id WHERE c.name=\'Usage\';'}, {'role': 'user', 'content': 'Die verfügbaren Intentionen sind: [""Collection"", ""Storage"", ""Usage"", ""Transferal"", ""Updated"", ""Deletion"", ""Access""]'}, {'role': 'user', 'content': 'Die verfügbaren Reasons der category  sind: [""Uses personal data \\u2013 processes data for operational, analytical, or business purposes."", ""Uses personal data - processes data for operational, analytical, or business purposes."", ""Uses personal data \\u2013 processes data for operational, analytical, or business purposes\\n"", ""Uses personal data \\u2013 processes data for operational, analytical, or business purposes. If the customer is a natural person or the organization has a contact person."", ""Uses personal data \\u2013 processes data for operational, analytical, or business purposes. If the customer is a natural person or a n organization with a contact person. If the customer is a natural person or a n organization with a contact person."", ""Uses personal data \\u2013 processes data for operational, analytical, or business purposes"", ""Uses personal data (to decide medication), Stores personal data (in medical records)"", ""Uses personal data \\u2013 processes data for operational, analytical, or business purposes.\\nCollects personal health data \\u2013 gathers health information about natural persons.""]'}]","intention_status='unchanged' reason_status='unchanged' intention='Usage' reason='Uses personal data – processes data for operational, analytical, or business purposes.' final_query=""SELECT r.reason FROM reason r JOIN category_reason_association cra ON r.id=cra.reason_id JOIN category c ON c.id=cra.category_id WHERE c.name='Usage';"""
"<role>
You are a strict SQL query correction engine.
</role>

<instructions>
You will receive a SQL query and an error message.

1. If the error message is empty or missing, return the given SQL query EXACTLY as provided, without any modification.
2. If the error message is not empty, analyze it and produce a corrected version of the given SQL query that fixes the described error. Keep all other parts of the query unchanged; only fix what the error requires.
3. If the query contains the wrong value in the where clause of the reason table, correct the query with the correct value.
4. Never explain your reasoning, never add comments, never add markdown code fences.
5. Output ONLY a single valid JSON object in exactly this format, with no additional text before or after it:
{""final_query"": ""GENERATED_SQL""}
6. The value of ""final_query"" must be a single valid SQL string. Escape any double quotes or newlines inside it so the JSON stays valid.
</instructions>","Database schema:
Table: category
  - id (Integer, primary key)
  - name (String(255), unique, not null)

Table: reason
  - id (Integer, primary key)
  - reason (Text, not null, unique)

Table: category_reason_association
  - category_id (Integer, FK -> category.id, primary key)
  - reason_id (Integer, FK -> reason.id, primary key)

Relationships:
  - category.reasons <-> reason.categories (many-to-many via category_reason_association)


BPMN Activity Field:
<ns0:task xmlns:ns0=""http://www.omg.org/spec/BPMN/20100524/MODEL"" xmlns:ns1=""http://www.signavio.com"" completionQuantity=""1"" id=""sid-E67221BB-8293-4B2C-A61F-C9899795AE75"" isForCompensation=""false"" name=""Obtain consent for chemotherapy"" startQuantity=""1"">
         <ns0:extensionElements>
            <ns1:signavioMetaData metaKey=""bgcolor"" metaValue=""#ffffcc"" />
            <ns1:signavioMetaData metaKey=""bordercolor"" metaValue=""#000000"" />
         </ns0:extensionElements>
         <ns0:incoming>sid-4D434BC3-D566-4F02-B397-1B13576988C7</ns0:incoming>
         <ns0:outgoing>sid-864179B3-07CA-47E3-8F9E-E1826690233C</ns0:outgoing>
         <ns0:ioSpecification id=""sid-E67221BB-8293-4B2C-A61F-C9899795AE75_iospec"">
            <ns0:dataOutput id=""sid-e713349b-aba9-427c-b7de-f5944e76204c"" />
            <ns0:inputSet id=""sid-E67221BB-8293-4B2C-A61F-C9899795AE75_inset"" name=""DefaultInputSet"">
               <ns0:outputSetRefs>sid-E67221BB-8293-4B2C-A61F-C9899795AE75_outset</ns0:outputSetRefs>
            </ns0:inputSet>
            <ns0:outputSet id=""sid-E67221BB-8293-4B2C-A61F-C9899795AE75_outset"" name=""DefaultOutputSet"">
               <ns0:dataOutputRefs>sid-e713349b-aba9-427c-b7de-f5944e76204c</ns0:dataOutputRefs>
               <ns0:inputSetRefs>sid-E67221BB-8293-4B2C-A61F-C9899795AE75_inset</ns0:inputSetRefs>
            </ns0:outputSet>
         </ns0:ioSpecification>
         <ns0:dataOutputAssociation id=""sid-8E8BC330-5C5D-44D6-AC27-5E81A7C3893D"">
            <ns0:extensionElements>
               <ns1:signavioMetaData metaKey=""bordercolor"" metaValue=""#000000"" />
            </ns0:extensionElements>
            <ns0:sourceRef>sid-e713349b-aba9-427c-b7de-f5944e76204c</ns0:sourceRef>
            <ns0:targetRef>sid-70BA8144-BEC2-4AC6-83D7-7ECA7D8670AA</ns0:targetRef>
         </ns0:dataOutputAssociation>
      </ns0:task>
      

Generated SQL:
SELECT r.reason FROM reason r JOIN category_reason_association cra ON r.id = cra.reason_id JOIN category c ON cra.category_id = c.id WHERE c.name = 'Collection';

Error:


Intent:
Collection

Reason of Intent:
Collects personal data – gathers information about natural persons., Collects personal data – gathers information about natural persons (PersonalID, departmentID, Time schedule),Collects personal data – gathers information about natural persons (e.g., name, email).,Collects personal data – gathers information about natural persons (speech).,Collects personal health data – gathers health information about natural persons.,Collects personal health data – gathers health information about natural persons.
Stores personal data – saves information in databases, systems, or files.,Patient transport data is filled into a form which includes personal data such as weight, height, name, age etc,Uses personal data – processes data for operational, analytical, or business purposes.
Collects personal health data – gathers health information about natural persons.",SELECT r.reason FROM reason r JOIN category_reason_association cra ON r.id = cra.reason_id JOIN category c ON cra.category_id = c.id WHERE c.name = 'Collection';
,"[{'role': 'system', 'content': ''}, {'role': 'user', 'content': 'Validate the following SQL query.\n\nActivity field:\n<ns0:task xmlns:ns0=""http://www.omg.org/spec/BPMN/20100524/MODEL"" xmlns:ns1=""http://www.signavio.com"" completionQuantity=""1"" id=""sid-E67221BB-8293-4B2C-A61F-C9899795AE75"" isForCompensation=""false"" name=""Obtain consent for chemotherapy"" startQuantity=""1"">\n         <ns0:extensionElements>\n            <ns1:signavioMetaData metaKey=""bgcolor"" metaValue=""#ffffcc"" />\n            <ns1:signavioMetaData metaKey=""bordercolor"" metaValue=""#000000"" />\n         </ns0:extensionElements>\n         <ns0:incoming>sid-4D434BC3-D566-4F02-B397-1B13576988C7</ns0:incoming>\n         <ns0:outgoing>sid-864179B3-07CA-47E3-8F9E-E1826690233C</ns0:outgoing>\n         <ns0:ioSpecification id=""sid-E67221BB-8293-4B2C-A61F-C9899795AE75_iospec"">\n            <ns0:dataOutput id=""sid-e713349b-aba9-427c-b7de-f5944e76204c"" />\n            <ns0:inputSet id=""sid-E67221BB-8293-4B2C-A61F-C9899795AE75_inset"" name=""DefaultInputSet"">\n               <ns0:outputSetRefs>sid-E67221BB-8293-4B2C-A61F-C9899795AE75_outset</ns0:outputSetRefs>\n            </ns0:inputSet>\n            <ns0:outputSet id=""sid-E67221BB-8293-4B2C-A61F-C9899795AE75_outset"" name=""DefaultOutputSet"">\n               <ns0:dataOutputRefs>sid-e713349b-aba9-427c-b7de-f5944e76204c</ns0:dataOutputRefs>\n               <ns0:inputSetRefs>sid-E67221BB-8293-4B2C-A61F-C9899795AE75_inset</ns0:inputSetRefs>\n            </ns0:outputSet>\n         </ns0:ioSpecification>\n         <ns0:dataOutputAssociation id=""sid-8E8BC330-5C5D-44D6-AC27-5E81A7C3893D"">\n            <ns0:extensionElements>\n               <ns1:signavioMetaData metaKey=""bordercolor"" metaValue=""#000000"" />\n            </ns0:extensionElements>\n            <ns0:sourceRef>sid-e713349b-aba9-427c-b7de-f5944e76204c</ns0:sourceRef>\n            <ns0:targetRef>sid-70BA8144-BEC2-4AC6-83D7-7ECA7D8670AA</ns0:targetRef>\n         </ns0:dataOutputAssociation>\n      </ns0:task>\n      \n\nDatabase schema:\nTable: category\n  - id (Integer, primary key)\n  - name (String(255), unique, not null)\n\nTable: reason\n  - id (Integer, primary key)\n  - reason (Text, not null, unique)\n\nTable: category_reason_association\n  - category_id (Integer, FK -> category.id, primary key)\n  - reason_id (Integer, FK -> reason.id, primary key)\n\nRelationships:\n  - category.reasons <-> reason.categories (many-to-many via category_reason_association)\n\n\nCurrent intention:\nCollection\n\nCurrent SQL query:\nSELECT r.reason FROM reason r JOIN category_reason_association cra ON r.id = cra.reason_id JOIN category c ON cra.category_id = c.id WHERE c.name = \'Collection\';'}, {'role': 'user', 'content': 'Die verfügbaren Intentionen sind: [""Collection"", ""Storage"", ""Usage"", ""Transferal"", ""Updated"", ""Deletion"", ""Access""]'}, {'role': 'user', 'content': 'Die verfügbaren Reasons der category  sind: [""Collects personal data \\u2013 gathers information about natural persons."", "" Collects personal data \\u2013 gathers information about natural persons (PersonalID, departmentID, Time schedule)"", ""Collects personal data \\u2013 gathers information about natural persons (e.g., name, email)."", ""Collects personal data \\u2013 gathers information about natural persons (speech)."", ""Collects personal health data \\u2013 gathers health information about natural persons."", ""Collects personal health data \\u2013 gathers health information about natural persons.\\nStores personal data \\u2013 saves information in databases, systems, or files."", ""Patient transport data is filled into a form which includes personal data such as weight, height, name, age etc"", ""Uses personal data \\u2013 processes data for operational, analytical, or business purposes.\\nCollects personal health data \\u2013 gathers health information about natural persons.""]'}]","intention_status='unchanged' reason_status='unchanged' intention='Collection' reason='Collects personal data – gathers information about natural persons.' final_query=""SELECT r.reason FROM reason r JOIN category_reason_association cra ON r.id = cra.reason_id JOIN category c ON cra.category_id = c.id WHERE c.name = 'Collection';"""
"<role>
You are a strict SQL query correction engine.
</role>

<instructions>
You will receive a SQL query and an error message.

1. If the error message is empty or missing, return the given SQL query EXACTLY as provided, without any modification.
2. If the error message is not empty, analyze it and produce a corrected version of the given SQL query that fixes the described error. Keep all other parts of the query unchanged; only fix what the error requires.
3. If the query contains the wrong value in the where clause of the reason table, correct the query with the correct value.
4. Never explain your reasoning, never add comments, never add markdown code fences.
5. Output ONLY a single valid JSON object in exactly this format, with no additional text before or after it:
{""final_query"": ""GENERATED_SQL""}
6. The value of ""final_query"" must be a single valid SQL string. Escape any double quotes or newlines inside it so the JSON stays valid.
</instructions>","Database schema:
Table: category
  - id (Integer, primary key)
  - name (String(255), unique, not null)

Table: reason
  - id (Integer, primary key)
  - reason (Text, not null, unique)

Table: category_reason_association
  - category_id (Integer, FK -> category.id, primary key)
  - reason_id (Integer, FK -> reason.id, primary key)

Relationships:
  - category.reasons <-> reason.categories (many-to-many via category_reason_association)


BPMN Activity Field:
<ns0:subProcess xmlns:ns0=""http://www.omg.org/spec/BPMN/20100524/MODEL"" xmlns:ns1=""http://www.signavio.com"" completionQuantity=""1"" id=""sid-627D90E1-F4A1-4E9C-A8D5-B1B4175BB752"" isForCompensation=""false"" name=""Introduce patient to tumor board"" startQuantity=""1"" triggeredByEvent=""false"">
         <ns0:documentation id=""sid-f9747dd3-c8dc-4b7f-b35b-6f33e0296c04"">Includes head physician and senior physician and head physician of oncology. </ns0:documentation>
         <ns0:extensionElements>
            <ns1:signavioMetaData metaKey=""bgcolor"" metaValue=""#ffffcc"" />
            <ns1:signavioMetaData metaKey=""bordercolor"" metaValue=""#000000"" />
            <ns1:signavioMetaData metaKey=""entry"" metaValue=""/model/6418d880c8d54b10b88263a5e348bf5b"" />
         </ns0:extensionElements>
         <ns0:incoming>sid-D7C83DB4-D24A-4208-9F09-5C9C6925BAB5</ns0:incoming>
         <ns0:outgoing>sid-C0AC3624-56CD-4BD8-A89B-2F37D3F3DC92</ns0:outgoing>
      </ns0:subProcess>
      

Generated SQL:
SELECT r.reason FROM reason r JOIN category_reason_association cra ON r.id = cra.reason_id JOIN category c ON cra.category_id = c.id WHERE c.name = 'Transferal';

Error:


Intent:
Transferal

Reason of Intent:
Transfers personal data – shares data internally, with third parties, or externally,Transfers personal data – shares data internally, with third parties, or externally.,ransfers personal data – shares data internally, with third parties, or externally.,Submit personal data to another institution (court)",SELECT r.reason FROM reason r JOIN category_reason_association cra ON r.id = cra.reason_id JOIN category c ON cra.category_id = c.id WHERE c.name = 'Transferal';
,"[{'role': 'system', 'content': ''}, {'role': 'user', 'content': 'Validate the following SQL query.\n\nActivity field:\n<ns0:subProcess xmlns:ns0=""http://www.omg.org/spec/BPMN/20100524/MODEL"" xmlns:ns1=""http://www.signavio.com"" completionQuantity=""1"" id=""sid-627D90E1-F4A1-4E9C-A8D5-B1B4175BB752"" isForCompensation=""false"" name=""Introduce patient to tumor board"" startQuantity=""1"" triggeredByEvent=""false"">\n         <ns0:documentation id=""sid-f9747dd3-c8dc-4b7f-b35b-6f33e0296c04"">Includes head physician and senior physician and head physician of oncology.\xa0</ns0:documentation>\n         <ns0:extensionElements>\n            <ns1:signavioMetaData metaKey=""bgcolor"" metaValue=""#ffffcc"" />\n            <ns1:signavioMetaData metaKey=""bordercolor"" metaValue=""#000000"" />\n            <ns1:signavioMetaData metaKey=""entry"" metaValue=""/model/6418d880c8d54b10b88263a5e348bf5b"" />\n         </ns0:extensionElements>\n         <ns0:incoming>sid-D7C83DB4-D24A-4208-9F09-5C9C6925BAB5</ns0:incoming>\n         <ns0:outgoing>sid-C0AC3624-56CD-4BD8-A89B-2F37D3F3DC92</ns0:outgoing>\n      </ns0:subProcess>\n      \n\nDatabase schema:\nTable: category\n  - id (Integer, primary key)\n  - name (String(255), unique, not null)\n\nTable: reason\n  - id (Integer, primary key)\n  - reason (Text, not null, unique)\n\nTable: category_reason_association\n  - category_id (Integer, FK -> category.id, primary key)\n  - reason_id (Integer, FK -> reason.id, primary key)\n\nRelationships:\n  - category.reasons <-> reason.categories (many-to-many via category_reason_association)\n\n\nCurrent intention:\nTransferal\n\nCurrent SQL query:\nSELECT r.reason FROM reason r JOIN category_reason_association cra ON r.id = cra.reason_id JOIN category c ON cra.category_id = c.id WHERE c.name = \'Transferal\';'}, {'role': 'user', 'content': 'Die verfügbaren Intentionen sind: [""Collection"", ""Storage"", ""Usage"", ""Transferal"", ""Updated"", ""Deletion"", ""Access""]'}, {'role': 'user', 'content': 'Die verfügbaren Reasons der category  sind: [""Transfers personal data \\u2013 shares data internally, with third parties, or externally"", ""Transfers personal data \\u2013 shares data internally, with third parties, or externally."", ""ransfers personal data \\u2013 shares data internally, with third parties, or externally."", ""Submit personal data to another institution (court)""]'}]","intention_status='unchanged' reason_status='unchanged' intention='Transferal' reason='Transfers personal data – shares data internally, with third parties, or externally' final_query=""SELECT r.reason FROM reason r JOIN category_reason_association cra ON r.id = cra.reason_id JOIN category c ON cra.category_id = c.id WHERE c.name = 'Transferal';"""
"<role>
You are a strict SQL query correction engine.
</role>

<instructions>
You will receive a SQL query and an error message.

1. If the error message is empty or missing, return the given SQL query EXACTLY as provided, without any modification.
2. If the error message is not empty, analyze it and produce a corrected version of the given SQL query that fixes the described error. Keep all other parts of the query unchanged; only fix what the error requires.
3. If the query contains the wrong value in the where clause of the reason table, correct the query with the correct value.
4. Never explain your reasoning, never add comments, never add markdown code fences.
5. Output ONLY a single valid JSON object in exactly this format, with no additional text before or after it:
{""final_query"": ""GENERATED_SQL""}
6. The value of ""final_query"" must be a single valid SQL string. Escape any double quotes or newlines inside it so the JSON stays valid.
</instructions>","Database schema:
Table: category
  - id (Integer, primary key)
  - name (String(255), unique, not null)

Table: reason
  - id (Integer, primary key)
  - reason (Text, not null, unique)

Table: category_reason_association
  - category_id (Integer, FK -> category.id, primary key)
  - reason_id (Integer, FK -> reason.id, primary key)

Relationships:
  - category.reasons <-> reason.categories (many-to-many via category_reason_association)


BPMN Activity Field:
<ns0:subProcess xmlns:ns0=""http://www.omg.org/spec/BPMN/20100524/MODEL"" xmlns:ns1=""http://www.signavio.com"" id=""sid-45024332-C8EA-49E1-A39E-207927248FEE"" name=""Prepare specific examination"">
      <ns0:extensionElements>
        <ns1:signavioMetaData metaKey=""bgcolor"" metaValue=""#ffffcc"" />
        <ns1:signavioMetaData metaKey=""bordercolor"" metaValue=""#000000"" />
        <ns1:signavioMetaData metaKey=""entry"" metaValue=""/model/26221e21b13f4a6e9d7281fb79365c41"" />
      </ns0:extensionElements>
      <ns0:incoming>sid-4B5F7B7C-0C0A-4D15-BEC2-4EBACED4ED91</ns0:incoming>
      <ns0:outgoing>sid-E7C3C303-9898-4681-BB65-A5E57111CFF8</ns0:outgoing>
    </ns0:subProcess>
    

Generated SQL:
SELECT r.reason FROM reason r JOIN category_reason_association cra ON r.id = cra.reason_id JOIN category c ON cra.category_id = c.id WHERE c.name = 'Storage';

Error:


Intent:
Storage

Reason of Intent:
Collects personal health data – gathers health information about natural persons.
Stores personal data – saves information in databases, systems, or files.,Stores personal data – saves information in databases, systems, or files., Stores personal data – saves information in databases, systems, or files.,Stores personal data – saves information in databases, systems, or files.
    ,Stores personal data – saves information in databases, systems, or files.
Accesses personal data – retrieves or makes data available to users or systems.,Storage of personal employment related data,Stores personal data – saves information in databases, systems, or files. If the customer is a natural person or the organization has a contact person.,Uses personal data (to decide medication), Stores personal data (in medical records)",SELECT r.reason FROM reason r JOIN category_reason_association cra ON r.id = cra.reason_id JOIN category c ON cra.category_id = c.id WHERE c.name = 'Storage';
,"[{'role': 'system', 'content': ''}, {'role': 'user', 'content': 'Validate the following SQL query.\n\nActivity field:\n<ns0:subProcess xmlns:ns0=""http://www.omg.org/spec/BPMN/20100524/MODEL"" xmlns:ns1=""http://www.signavio.com"" id=""sid-45024332-C8EA-49E1-A39E-207927248FEE"" name=""Prepare specific examination"">\n      <ns0:extensionElements>\n        <ns1:signavioMetaData metaKey=""bgcolor"" metaValue=""#ffffcc"" />\n        <ns1:signavioMetaData metaKey=""bordercolor"" metaValue=""#000000"" />\n        <ns1:signavioMetaData metaKey=""entry"" metaValue=""/model/26221e21b13f4a6e9d7281fb79365c41"" />\n      </ns0:extensionElements>\n      <ns0:incoming>sid-4B5F7B7C-0C0A-4D15-BEC2-4EBACED4ED91</ns0:incoming>\n      <ns0:outgoing>sid-E7C3C303-9898-4681-BB65-A5E57111CFF8</ns0:outgoing>\n    </ns0:subProcess>\n    \n\nDatabase schema:\nTable: category\n  - id (Integer, primary key)\n  - name (String(255), unique, not null)\n\nTable: reason\n  - id (Integer, primary key)\n  - reason (Text, not null, unique)\n\nTable: category_reason_association\n  - category_id (Integer, FK -> category.id, primary key)\n  - reason_id (Integer, FK -> reason.id, primary key)\n\nRelationships:\n  - category.reasons <-> reason.categories (many-to-many via category_reason_association)\n\n\nCurrent intention:\nStorage\n\nCurrent SQL query:\nSELECT r.reason FROM reason r JOIN category_reason_association cra ON r.id = cra.reason_id JOIN category c ON cra.category_id = c.id WHERE c.name = \'Storage\';'}, {'role': 'user', 'content': 'Die verfügbaren Intentionen sind: [""Collection"", ""Storage"", ""Usage"", ""Transferal"", ""Updated"", ""Deletion"", ""Access""]'}, {'role': 'user', 'content': 'Die verfügbaren Reasons der category  sind: [""Collects personal health data \\u2013 gathers health information about natural persons.\\nStores personal data \\u2013 saves information in databases, systems, or files."", ""Stores personal data \\u2013 saves information in databases, systems, or files."", "" Stores personal data \\u2013 saves information in databases, systems, or files."", ""Stores personal data \\u2013 saves information in databases, systems, or files.\\n    "", ""Stores personal data \\u2013 saves information in databases, systems, or files.\\nAccesses personal data \\u2013 retrieves or makes data available to users or systems."", ""Storage of personal employment related data"", ""Stores personal data \\u2013 saves information in databases, systems, or files. If the customer is a natural person or the organization has a contact person."", ""Uses personal data (to decide medication), Stores personal data (in medical records)""]'}]","intention_status='unchanged' reason_status='unchanged' intention='Storage' reason='Stores personal data – saves information in databases, systems, or files.' final_query=""SELECT r.reason FROM reason r JOIN category_reason_association cra ON r.id = cra.reason_id JOIN category c ON cra.category_id = c.id WHERE c.name = 'Storage';"""
"<role>
You are a strict SQL query correction engine.
</role>

<instructions>
You will receive a SQL query and an error message.

1. If the error message is empty or missing, return the given SQL query EXACTLY as provided, without any modification.
2. If the error message is not empty, analyze it and produce a corrected version of the given SQL query that fixes the described error. Keep all other parts of the query unchanged; only fix what the error requires.
3. If the query contains the wrong value in the where clause of the reason table, correct the query with the correct value.
4. Never explain your reasoning, never add comments, never add markdown code fences.
5. Output ONLY a single valid JSON object in exactly this format, with no additional text before or after it:
{""final_query"": ""GENERATED_SQL""}
6. The value of ""final_query"" must be a single valid SQL string. Escape any double quotes or newlines inside it so the JSON stays valid.
</instructions>","Database schema:
Table: category
  - id (Integer, primary key)
  - name (String(255), unique, not null)

Table: reason
  - id (Integer, primary key)
  - reason (Text, not null, unique)

Table: category_reason_association
  - category_id (Integer, FK -> category.id, primary key)
  - reason_id (Integer, FK -> reason.id, primary key)

Relationships:
  - category.reasons <-> reason.categories (many-to-many via category_reason_association)


BPMN Activity Field:
<ns0:task xmlns:ns0=""http://www.omg.org/spec/BPMN/20100524/MODEL"" xmlns:ns1=""http://www.signavio.com"" id=""sid-33D863D3-01CA-4DED-9AB0-7D2095F7F163"" name=""Perform ultrasound scan"">
      <ns0:extensionElements>
        <ns1:signavioMetaData metaKey=""bgcolor"" metaValue=""#ffffcc"" />
        <ns1:signavioMetaData metaKey=""bordercolor"" metaValue=""#000000"" />
      </ns0:extensionElements>
      <ns0:incoming>sid-E7C3C303-9898-4681-BB65-A5E57111CFF8</ns0:incoming>
      <ns0:outgoing>sid-279AE103-41DD-4D83-A864-0939EE3ACEFA</ns0:outgoing>
    </ns0:task>
    

Generated SQL:
SELECT r.reason FROM reason r JOIN category_reason_association cra ON r.id = cra.reason_id JOIN category c ON cra.category_id = c.id WHERE c.name = 'Collection';

Error:


Intent:
Collection

Reason of Intent:
Collects personal data – gathers information about natural persons., Collects personal data – gathers information about natural persons (PersonalID, departmentID, Time schedule),Collects personal data – gathers information about natural persons (e.g., name, email).,Collects personal data – gathers information about natural persons (speech).,Collects personal health data – gathers health information about natural persons.,Collects personal health data – gathers health information about natural persons.
Stores personal data – saves information in databases, systems, or files.,Patient transport data is filled into a form which includes personal data such as weight, height, name, age etc,Uses personal data – processes data for operational, analytical, or business purposes.
Collects personal health data – gathers health information about natural persons.",SELECT r.reason FROM reason r JOIN category_reason_association cra ON r.id = cra.reason_id JOIN category c ON cra.category_id = c.id WHERE c.name = 'Collection';
,"[{'role': 'system', 'content': ''}, {'role': 'user', 'content': 'Validate the following SQL query.\n\nActivity field:\n<ns0:task xmlns:ns0=""http://www.omg.org/spec/BPMN/20100524/MODEL"" xmlns:ns1=""http://www.signavio.com"" id=""sid-33D863D3-01CA-4DED-9AB0-7D2095F7F163"" name=""Perform ultrasound scan"">\n      <ns0:extensionElements>\n        <ns1:signavioMetaData metaKey=""bgcolor"" metaValue=""#ffffcc"" />\n        <ns1:signavioMetaData metaKey=""bordercolor"" metaValue=""#000000"" />\n      </ns0:extensionElements>\n      <ns0:incoming>sid-E7C3C303-9898-4681-BB65-A5E57111CFF8</ns0:incoming>\n      <ns0:outgoing>sid-279AE103-41DD-4D83-A864-0939EE3ACEFA</ns0:outgoing>\n    </ns0:task>\n    \n\nDatabase schema:\nTable: category\n  - id (Integer, primary key)\n  - name (String(255), unique, not null)\n\nTable: reason\n  - id (Integer, primary key)\n  - reason (Text, not null, unique)\n\nTable: category_reason_association\n  - category_id (Integer, FK -> category.id, primary key)\n  - reason_id (Integer, FK -> reason.id, primary key)\n\nRelationships:\n  - category.reasons <-> reason.categories (many-to-many via category_reason_association)\n\n\nCurrent intention:\nCollection\n\nCurrent SQL query:\nSELECT r.reason FROM reason r JOIN category_reason_association cra ON r.id = cra.reason_id JOIN category c ON cra.category_id = c.id WHERE c.name = \'Collection\';'}, {'role': 'user', 'content': 'Die verfügbaren Intentionen sind: [""Collection"", ""Storage"", ""Usage"", ""Transferal"", ""Updated"", ""Deletion"", ""Access""]'}, {'role': 'user', 'content': 'Die verfügbaren Reasons der category  sind: [""Collects personal data \\u2013 gathers information about natural persons."", "" Collects personal data \\u2013 gathers information about natural persons (PersonalID, departmentID, Time schedule)"", ""Collects personal data \\u2013 gathers information about natural persons (e.g., name, email)."", ""Collects personal data \\u2013 gathers information about natural persons (speech)."", ""Collects personal health data \\u2013 gathers health information about natural persons."", ""Collects personal health data \\u2013 gathers health information about natural persons.\\nStores personal data \\u2013 saves information in databases, systems, or files."", ""Patient transport data is filled into a form which includes personal data such as weight, height, name, age etc"", ""Uses personal data \\u2013 processes data for operational, analytical, or business purposes.\\nCollects personal health data \\u2013 gathers health information about natural persons.""]'}]","intention_status='unchanged' reason_status='unchanged' intention='Collection' reason='The query correctly retrieves reasons associated with the ""Collection"" category.' final_query=""SELECT r.reason FROM reason r JOIN category_reason_association cra ON r.id = cra.reason_id JOIN category c ON cra.category_id = c.id WHERE c.name = 'Collection';"""
"<role>
You are a strict SQL query correction engine.
</role>

<instructions>
You will receive a SQL query and an error message.

1. If the error message is empty or missing, return the given SQL query EXACTLY as provided, without any modification.
2. If the error message is not empty, analyze it and produce a corrected version of the given SQL query that fixes the described error. Keep all other parts of the query unchanged; only fix what the error requires.
3. If the query contains the wrong value in the where clause of the reason table, correct the query with the correct value.
4. Never explain your reasoning, never add comments, never add markdown code fences.
5. Output ONLY a single valid JSON object in exactly this format, with no additional text before or after it:
{""final_query"": ""GENERATED_SQL""}
6. The value of ""final_query"" must be a single valid SQL string. Escape any double quotes or newlines inside it so the JSON stays valid.
</instructions>","Database schema:
Table: category
  - id (Integer, primary key)
  - name (String(255), unique, not null)

Table: reason
  - id (Integer, primary key)
  - reason (Text, not null, unique)

Table: category_reason_association
  - category_id (Integer, FK -> category.id, primary key)
  - reason_id (Integer, FK -> reason.id, primary key)

Relationships:
  - category.reasons <-> reason.categories (many-to-many via category_reason_association)


BPMN Activity Field:
<ns0:task xmlns:ns0=""http://www.omg.org/spec/BPMN/20100524/MODEL"" xmlns:ns1=""http://www.signavio.com"" id=""sid-7D357E70-5D89-43AF-9EBA-D7EA4DEE84D7"" name=""Perform cyst proktoskopy"">
      <ns0:extensionElements>
        <ns1:signavioMetaData metaKey=""bgcolor"" metaValue=""#ffffcc"" />
        <ns1:signavioMetaData metaKey=""bordercolor"" metaValue=""#000000"" />
      </ns0:extensionElements>
      <ns0:incoming>sid-D616EB11-9046-4D78-AE1C-5A3D70C6F028</ns0:incoming>
      <ns0:outgoing>sid-F4BF995F-DCA9-46BB-A96C-2B08EE16BAD6</ns0:outgoing>
    </ns0:task>
    

Generated SQL:
SELECT r.reason FROM reason r JOIN category_reason_association cra ON r.id = cra.reason_id JOIN category c ON cra.category_id = c.id WHERE c.name = 'Usage';

Error:


Intent:
Usage

Reason of Intent:
Uses personal data – processes data for operational, analytical, or business purposes.,Uses personal data - processes data for operational, analytical, or business purposes.,Uses personal data – processes data for operational, analytical, or business purposes
,Uses personal data – processes data for operational, analytical, or business purposes. If the customer is a natural person or the organization has a contact person.,Uses personal data – processes data for operational, analytical, or business purposes. If the customer is a natural person or a n organization with a contact person. If the customer is a natural person or a n organization with a contact person.,Uses personal data – processes data for operational, analytical, or business purposes,Uses personal data (to decide medication), Stores personal data (in medical records),Uses personal data – processes data for operational, analytical, or business purposes.
Collects personal health data – gathers health information about natural persons.",SELECT r.reason FROM reason r JOIN category_reason_association cra ON r.id = cra.reason_id JOIN category c ON cra.category_id = c.id WHERE c.name = 'Usage';
,"[{'role': 'system', 'content': ''}, {'role': 'user', 'content': 'Validate the following SQL query.\n\nActivity field:\n<ns0:task xmlns:ns0=""http://www.omg.org/spec/BPMN/20100524/MODEL"" xmlns:ns1=""http://www.signavio.com"" id=""sid-7D357E70-5D89-43AF-9EBA-D7EA4DEE84D7"" name=""Perform cyst proktoskopy"">\n      <ns0:extensionElements>\n        <ns1:signavioMetaData metaKey=""bgcolor"" metaValue=""#ffffcc"" />\n        <ns1:signavioMetaData metaKey=""bordercolor"" metaValue=""#000000"" />\n      </ns0:extensionElements>\n      <ns0:incoming>sid-D616EB11-9046-4D78-AE1C-5A3D70C6F028</ns0:incoming>\n      <ns0:outgoing>sid-F4BF995F-DCA9-46BB-A96C-2B08EE16BAD6</ns0:outgoing>\n    </ns0:task>\n    \n\nDatabase schema:\nTable: category\n  - id (Integer, primary key)\n  - name (String(255), unique, not null)\n\nTable: reason\n  - id (Integer, primary key)\n  - reason (Text, not null, unique)\n\nTable: category_reason_association\n  - category_id (Integer, FK -> category.id, primary key)\n  - reason_id (Integer, FK -> reason.id, primary key)\n\nRelationships:\n  - category.reasons <-> reason.categories (many-to-many via category_reason_association)\n\n\nCurrent intention:\nUsage\n\nCurrent SQL query:\nSELECT r.reason FROM reason r JOIN category_reason_association cra ON r.id = cra.reason_id JOIN category c ON cra.category_id = c.id WHERE c.name = \'Usage\';'}, {'role': 'user', 'content': 'Die verfügbaren Intentionen sind: [""Collection"", ""Storage"", ""Usage"", ""Transferal"", ""Updated"", ""Deletion"", ""Access""]'}, {'role': 'user', 'content': 'Die verfügbaren Reasons der category  sind: [""Uses personal data \\u2013 processes data for operational, analytical, or business purposes."", ""Uses personal data - processes data for operational, analytical, or business purposes."", ""Uses personal data \\u2013 processes data for operational, analytical, or business purposes\\n"", ""Uses personal data \\u2013 processes data for operational, analytical, or business purposes. If the customer is a natural person or the organization has a contact person."", ""Uses personal data \\u2013 processes data for operational, analytical, or business purposes. If the customer is a natural person or a n organization with a contact person. If the customer is a natural person or a n organization with a contact person."", ""Uses personal data \\u2013 processes data for operational, analytical, or business purposes"", ""Uses personal data (to decide medication), Stores personal data (in medical records)"", ""Uses personal data \\u2013 processes data for operational, analytical, or business purposes.\\nCollects personal health data \\u2013 gathers health information about natural persons.""]'}]","intention_status='unchanged' reason_status='unchanged' intention='Usage' reason='Uses personal data – processes data for operational, analytical, or business purposes.' final_query=""SELECT r.reason FROM reason r JOIN category_reason_association cra ON r.id = cra.reason_id JOIN category c ON cra.category_id = c.id WHERE c.name = 'Usage';"""
"<role>
You are a strict SQL query correction engine.
</role>

<instructions>
You will receive a SQL query and an error message.

1. If the error message is empty or missing, return the given SQL query EXACTLY as provided, without any modification.
2. If the error message is not empty, analyze it and produce a corrected version of the given SQL query that fixes the described error. Keep all other parts of the query unchanged; only fix what the error requires.
3. If the query contains the wrong value in the where clause of the reason table, correct the query with the correct value.
4. Never explain your reasoning, never add comments, never add markdown code fences.
5. Output ONLY a single valid JSON object in exactly this format, with no additional text before or after it:
{""final_query"": ""GENERATED_SQL""}
6. The value of ""final_query"" must be a single valid SQL string. Escape any double quotes or newlines inside it so the JSON stays valid.
</instructions>","Database schema:
Table: category
  - id (Integer, primary key)
  - name (String(255), unique, not null)

Table: reason
  - id (Integer, primary key)
  - reason (Text, not null, unique)

Table: category_reason_association
  - category_id (Integer, FK -> category.id, primary key)
  - reason_id (Integer, FK -> reason.id, primary key)

Relationships:
  - category.reasons <-> reason.categories (many-to-many via category_reason_association)


BPMN Activity Field:
<ns0:task xmlns:ns0=""http://www.omg.org/spec/BPMN/20100524/MODEL"" xmlns:ns1=""http://www.signavio.com"" id=""sid-833E6E3E-13C1-4A04-94A9-8C880D22B60F"" name=""Perform pyeography"">
      <ns0:extensionElements>
        <ns1:signavioMetaData metaKey=""bgcolor"" metaValue=""#ffffcc"" />
        <ns1:signavioMetaData metaKey=""bordercolor"" metaValue=""#000000"" />
      </ns0:extensionElements>
      <ns0:incoming>sid-3C030DEA-7215-4CBE-83D6-3441B7BF18CD</ns0:incoming>
      <ns0:outgoing>sid-E3DFE66E-201C-41C5-8547-2FC14D4414AC</ns0:outgoing>
    </ns0:task>
    

Generated SQL:
SELECT r.reason FROM reason r JOIN category_reason_association cra ON r.id = cra.reason_id JOIN category c ON cra.category_id = c.id WHERE c.name = 'Collection';

Error:


Intent:
Collection

Reason of Intent:
Collects personal data – gathers information about natural persons., Collects personal data – gathers information about natural persons (PersonalID, departmentID, Time schedule),Collects personal data – gathers information about natural persons (e.g., name, email).,Collects personal data – gathers information about natural persons (speech).,Collects personal health data – gathers health information about natural persons.,Collects personal health data – gathers health information about natural persons.
Stores personal data – saves information in databases, systems, or files.,Patient transport data is filled into a form which includes personal data such as weight, height, name, age etc,Uses personal data – processes data for operational, analytical, or business purposes.
Collects personal health data – gathers health information about natural persons.",SELECT r.reason FROM reason r JOIN category_reason_association cra ON r.id = cra.reason_id JOIN category c ON cra.category_id = c.id WHERE c.name = 'Collection';
,"[{'role': 'system', 'content': ''}, {'role': 'user', 'content': 'Validate the following SQL query.\n\nActivity field:\n<ns0:task xmlns:ns0=""http://www.omg.org/spec/BPMN/20100524/MODEL"" xmlns:ns1=""http://www.signavio.com"" id=""sid-833E6E3E-13C1-4A04-94A9-8C880D22B60F"" name=""Perform pyeography"">\n      <ns0:extensionElements>\n        <ns1:signavioMetaData metaKey=""bgcolor"" metaValue=""#ffffcc"" />\n        <ns1:signavioMetaData metaKey=""bordercolor"" metaValue=""#000000"" />\n      </ns0:extensionElements>\n      <ns0:incoming>sid-3C030DEA-7215-4CBE-83D6-3441B7BF18CD</ns0:incoming>\n      <ns0:outgoing>sid-E3DFE66E-201C-41C5-8547-2FC14D4414AC</ns0:outgoing>\n    </ns0:task>\n    \n\nDatabase schema:\nTable: category\n  - id (Integer, primary key)\n  - name (String(255), unique, not null)\n\nTable: reason\n  - id (Integer, primary key)\n  - reason (Text, not null, unique)\n\nTable: category_reason_association\n  - category_id (Integer, FK -> category.id, primary key)\n  - reason_id (Integer, FK -> reason.id, primary key)\n\nRelationships:\n  - category.reasons <-> reason.categories (many-to-many via category_reason_association)\n\n\nCurrent intention:\nCollection\n\nCurrent SQL query:\nSELECT r.reason FROM reason r JOIN category_reason_association cra ON r.id = cra.reason_id JOIN category c ON cra.category_id = c.id WHERE c.name = \'Collection\';'}, {'role': 'user', 'content': 'Die verfügbaren Intentionen sind: [""Collection"", ""Storage"", ""Usage"", ""Transferal"", ""Updated"", ""Deletion"", ""Access""]'}, {'role': 'user', 'content': 'Die verfügbaren Reasons der category  sind: [""Collects personal data \\u2013 gathers information about natural persons."", "" Collects personal data \\u2013 gathers information about natural persons (PersonalID, departmentID, Time schedule)"", ""Collects personal data \\u2013 gathers information about natural persons (e.g., name, email)."", ""Collects personal data \\u2013 gathers information about natural persons (speech)."", ""Collects personal health data \\u2013 gathers health information about natural persons."", ""Collects personal health data \\u2013 gathers health information about natural persons.\\nStores personal data \\u2013 saves information in databases, systems, or files."", ""Patient transport data is filled into a form which includes personal data such as weight, height, name, age etc"", ""Uses personal data \\u2013 processes data for operational, analytical, or business purposes.\\nCollects personal health data \\u2013 gathers health information about natural persons.""]'}]","intention_status='unchanged' reason_status='unchanged' intention='Collection' reason='Collects personal data – gathers information about natural persons.' final_query=""SELECT r.reason FROM reason r JOIN category_reason_association cra ON r.id = cra.reason_id JOIN category c ON cra.category_id = c.id WHERE c.name = 'Collection';"""
"<role>
You are a strict SQL query correction engine.
</role>

<instructions>
You will receive a SQL query and an error message.

1. If the error message is empty or missing, return the given SQL query EXACTLY as provided, without any modification.
2. If the error message is not empty, analyze it and produce a corrected version of the given SQL query that fixes the described error. Keep all other parts of the query unchanged; only fix what the error requires.
3. If the query contains the wrong value in the where clause of the reason table, correct the query with the correct value.
4. Never explain your reasoning, never add comments, never add markdown code fences.
5. Output ONLY a single valid JSON object in exactly this format, with no additional text before or after it:
{""final_query"": ""GENERATED_SQL""}
6. The value of ""final_query"" must be a single valid SQL string. Escape any double quotes or newlines inside it so the JSON stays valid.
</instructions>","Database schema:
Table: category
  - id (Integer, primary key)
  - name (String(255), unique, not null)

Table: reason
  - id (Integer, primary key)
  - reason (Text, not null, unique)

Table: category_reason_association
  - category_id (Integer, FK -> category.id, primary key)
  - reason_id (Integer, FK -> reason.id, primary key)

Relationships:
  - category.reasons <-> reason.categories (many-to-many via category_reason_association)


BPMN Activity Field:
<ns0:subProcess xmlns:ns0=""http://www.omg.org/spec/BPMN/20100524/MODEL"" xmlns:ns1=""http://www.signavio.com"" id=""sid-AEDF8741-E6ED-4C8F-B97C-B1C6235884A0"" name=""Prepare specific examination"">
      <ns0:extensionElements>
        <ns1:signavioMetaData metaKey=""bgcolor"" metaValue=""#ffffcc"" />
        <ns1:signavioMetaData metaKey=""bordercolor"" metaValue=""#000000"" />
        <ns1:signavioMetaData metaKey=""entry"" metaValue=""/model/26221e21b13f4a6e9d7281fb79365c41"" />
      </ns0:extensionElements>
      <ns0:incoming>sid-E1AA959A-B53C-4A71-B009-7D4F171C0CB5</ns0:incoming>
      <ns0:outgoing>sid-D616EB11-9046-4D78-AE1C-5A3D70C6F028</ns0:outgoing>
    </ns0:subProcess>
    

Generated SQL:
SELECT r.reason FROM reason r JOIN category_reason_association cra ON r.id = cra.reason_id JOIN category c ON cra.category_id = c.id WHERE c.name = 'Storage';

Error:


Intent:
Storage

Reason of Intent:
Collects personal health data – gathers health information about natural persons.
Stores personal data – saves information in databases, systems, or files.,Stores personal data – saves information in databases, systems, or files., Stores personal data – saves information in databases, systems, or files.,Stores personal data – saves information in databases, systems, or files.
    ,Stores personal data – saves information in databases, systems, or files.
Accesses personal data – retrieves or makes data available to users or systems.,Storage of personal employment related data,Stores personal data – saves information in databases, systems, or files. If the customer is a natural person or the organization has a contact person.,Uses personal data (to decide medication), Stores personal data (in medical records)",SELECT r.reason FROM reason r JOIN category_reason_association cra ON r.id = cra.reason_id JOIN category c ON cra.category_id = c.id WHERE c.name = 'Storage';
,"[{'role': 'system', 'content': ''}, {'role': 'user', 'content': 'Validate the following SQL query.\n\nActivity field:\n<ns0:subProcess xmlns:ns0=""http://www.omg.org/spec/BPMN/20100524/MODEL"" xmlns:ns1=""http://www.signavio.com"" id=""sid-AEDF8741-E6ED-4C8F-B97C-B1C6235884A0"" name=""Prepare specific examination"">\n      <ns0:extensionElements>\n        <ns1:signavioMetaData metaKey=""bgcolor"" metaValue=""#ffffcc"" />\n        <ns1:signavioMetaData metaKey=""bordercolor"" metaValue=""#000000"" />\n        <ns1:signavioMetaData metaKey=""entry"" metaValue=""/model/26221e21b13f4a6e9d7281fb79365c41"" />\n      </ns0:extensionElements>\n      <ns0:incoming>sid-E1AA959A-B53C-4A71-B009-7D4F171C0CB5</ns0:incoming>\n      <ns0:outgoing>sid-D616EB11-9046-4D78-AE1C-5A3D70C6F028</ns0:outgoing>\n    </ns0:subProcess>\n    \n\nDatabase schema:\nTable: category\n  - id (Integer, primary key)\n  - name (String(255), unique, not null)\n\nTable: reason\n  - id (Integer, primary key)\n  - reason (Text, not null, unique)\n\nTable: category_reason_association\n  - category_id (Integer, FK -> category.id, primary key)\n  - reason_id (Integer, FK -> reason.id, primary key)\n\nRelationships:\n  - category.reasons <-> reason.categories (many-to-many via category_reason_association)\n\n\nCurrent intention:\nStorage\n\nCurrent SQL query:\nSELECT r.reason FROM reason r JOIN category_reason_association cra ON r.id = cra.reason_id JOIN category c ON cra.category_id = c.id WHERE c.name = \'Storage\';'}, {'role': 'user', 'content': 'Die verfügbaren Intentionen sind: [""Collection"", ""Storage"", ""Usage"", ""Transferal"", ""Updated"", ""Deletion"", ""Access""]'}, {'role': 'user', 'content': 'Die verfügbaren Reasons der category  sind: [""Collects personal health data \\u2013 gathers health information about natural persons.\\nStores personal data \\u2013 saves information in databases, systems, or files."", ""Stores personal data \\u2013 saves information in databases, systems, or files."", "" Stores personal data \\u2013 saves information in databases, systems, or files."", ""Stores personal data \\u2013 saves information in databases, systems, or files.\\n    "", ""Stores personal data \\u2013 saves information in databases, systems, or files.\\nAccesses personal data \\u2013 retrieves or makes data available to users or systems."", ""Storage of personal employment related data"", ""Stores personal data \\u2013 saves information in databases, systems, or files. If the customer is a natural person or the organization has a contact person."", ""Uses personal data (to decide medication), Stores personal data (in medical records)""]'}]","intention_status='unchanged' reason_status='unchanged' intention='Storage' reason='Query correctly retrieves reasons associated with the Storage category.' final_query=""SELECT r.reason FROM reason r JOIN category_reason_association cra ON r.id = cra.reason_id JOIN category c ON cra.category_id = c.id WHERE c.name = 'Storage';"""
"<role>
You are a strict SQL query correction engine.
</role>

<instructions>
You will receive a SQL query and an error message.

1. If the error message is empty or missing, return the given SQL query EXACTLY as provided, without any modification.
2. If the error message is not empty, analyze it and produce a corrected version of the given SQL query that fixes the described error. Keep all other parts of the query unchanged; only fix what the error requires.
3. If the query contains the wrong value in the where clause of the reason table, correct the query with the correct value.
4. Never explain your reasoning, never add comments, never add markdown code fences.
5. Output ONLY a single valid JSON object in exactly this format, with no additional text before or after it:
{""final_query"": ""GENERATED_SQL""}
6. The value of ""final_query"" must be a single valid SQL string. Escape any double quotes or newlines inside it so the JSON stays valid.
</instructions>","Database schema:
Table: category
  - id (Integer, primary key)
  - name (String(255), unique, not null)

Table: reason
  - id (Integer, primary key)
  - reason (Text, not null, unique)

Table: category_reason_association
  - category_id (Integer, FK -> category.id, primary key)
  - reason_id (Integer, FK -> reason.id, primary key)

Relationships:
  - category.reasons <-> reason.categories (many-to-many via category_reason_association)


BPMN Activity Field:
<ns0:subProcess xmlns:ns0=""http://www.omg.org/spec/BPMN/20100524/MODEL"" xmlns:ns1=""http://www.signavio.com"" id=""sid-B607C405-5B52-45C2-A61F-09101D547203"" name=""Prepare specific examination"">
      <ns0:extensionElements>
        <ns1:signavioMetaData metaKey=""bgcolor"" metaValue=""#ffffcc"" />
        <ns1:signavioMetaData metaKey=""bordercolor"" metaValue=""#000000"" />
        <ns1:signavioMetaData metaKey=""entry"" metaValue=""/model/26221e21b13f4a6e9d7281fb79365c41"" />
      </ns0:extensionElements>
      <ns0:incoming>sid-A57BEDB8-A27C-46F1-81CA-79E7EEB7133E</ns0:incoming>
      <ns0:outgoing>sid-3C030DEA-7215-4CBE-83D6-3441B7BF18CD</ns0:outgoing>
    </ns0:subProcess>
    

Generated SQL:
SELECT r.reason FROM reason r JOIN category_reason_association cra ON r.id = cra.reason_id JOIN category c ON cra.category_id = c.id WHERE c.name = 'Storage';

Error:


Intent:
Storage

Reason of Intent:
Collects personal health data – gathers health information about natural persons.
Stores personal data – saves information in databases, systems, or files.,Stores personal data – saves information in databases, systems, or files., Stores personal data – saves information in databases, systems, or files.,Stores personal data – saves information in databases, systems, or files.
    ,Stores personal data – saves information in databases, systems, or files.
Accesses personal data – retrieves or makes data available to users or systems.,Storage of personal employment related data,Stores personal data – saves information in databases, systems, or files. If the customer is a natural person or the organization has a contact person.,Uses personal data (to decide medication), Stores personal data (in medical records)",SELECT r.reason FROM reason r JOIN category_reason_association cra ON r.id = cra.reason_id JOIN category c ON cra.category_id = c.id WHERE c.name = 'Storage';
,"[{'role': 'system', 'content': ''}, {'role': 'user', 'content': 'Validate the following SQL query.\n\nActivity field:\n<ns0:subProcess xmlns:ns0=""http://www.omg.org/spec/BPMN/20100524/MODEL"" xmlns:ns1=""http://www.signavio.com"" id=""sid-B607C405-5B52-45C2-A61F-09101D547203"" name=""Prepare specific examination"">\n      <ns0:extensionElements>\n        <ns1:signavioMetaData metaKey=""bgcolor"" metaValue=""#ffffcc"" />\n        <ns1:signavioMetaData metaKey=""bordercolor"" metaValue=""#000000"" />\n        <ns1:signavioMetaData metaKey=""entry"" metaValue=""/model/26221e21b13f4a6e9d7281fb79365c41"" />\n      </ns0:extensionElements>\n      <ns0:incoming>sid-A57BEDB8-A27C-46F1-81CA-79E7EEB7133E</ns0:incoming>\n      <ns0:outgoing>sid-3C030DEA-7215-4CBE-83D6-3441B7BF18CD</ns0:outgoing>\n    </ns0:subProcess>\n    \n\nDatabase schema:\nTable: category\n  - id (Integer, primary key)\n  - name (String(255), unique, not null)\n\nTable: reason\n  - id (Integer, primary key)\n  - reason (Text, not null, unique)\n\nTable: category_reason_association\n  - category_id (Integer, FK -> category.id, primary key)\n  - reason_id (Integer, FK -> reason.id, primary key)\n\nRelationships:\n  - category.reasons <-> reason.categories (many-to-many via category_reason_association)\n\n\nCurrent intention:\nStorage\n\nCurrent SQL query:\nSELECT r.reason FROM reason r JOIN category_reason_association cra ON r.id = cra.reason_id JOIN category c ON cra.category_id = c.id WHERE c.name = \'Storage\';'}, {'role': 'user', 'content': 'Die verfügbaren Intentionen sind: [""Collection"", ""Storage"", ""Usage"", ""Transferal"", ""Updated"", ""Deletion"", ""Access""]'}, {'role': 'user', 'content': 'Die verfügbaren Reasons der category  sind: [""Collects personal health data \\u2013 gathers health information about natural persons.\\nStores personal data \\u2013 saves information in databases, systems, or files."", ""Stores personal data \\u2013 saves information in databases, systems, or files."", "" Stores personal data \\u2013 saves information in databases, systems, or files."", ""Stores personal data \\u2013 saves information in databases, systems, or files.\\n    "", ""Stores personal data \\u2013 saves information in databases, systems, or files.\\nAccesses personal data \\u2013 retrieves or makes data available to users or systems."", ""Storage of personal employment related data"", ""Stores personal data \\u2013 saves information in databases, systems, or files. If the customer is a natural person or the organization has a contact person."", ""Uses personal data (to decide medication), Stores personal data (in medical records)""]'}]","intention_status='unchanged' reason_status='unchanged' intention='Storage' reason='The query correctly retrieves all reasons associated with the ""Storage"" category using the many‑to‑many relationship.' final_query=""SELECT r.reason FROM reason r JOIN category_reason_association cra ON r.id = cra.reason_id JOIN category c ON cra.category_id = c.id WHERE c.name = 'Storage';"""
"<role>
You are a strict SQL query correction engine.
</role>

<instructions>
You will receive a SQL query and an error message.

1. If the error message is empty or missing, return the given SQL query EXACTLY as provided, without any modification.
2. If the error message is not empty, analyze it and produce a corrected version of the given SQL query that fixes the described error. Keep all other parts of the query unchanged; only fix what the error requires.
3. If the query contains the wrong value in the where clause of the reason table, correct the query with the correct value.
4. Never explain your reasoning, never add comments, never add markdown code fences.
5. Output ONLY a single valid JSON object in exactly this format, with no additional text before or after it:
{""final_query"": ""GENERATED_SQL""}
6. The value of ""final_query"" must be a single valid SQL string. Escape any double quotes or newlines inside it so the JSON stays valid.
</instructions>","Database schema:
Table: category
  - id (Integer, primary key)
  - name (String(255), unique, not null)

Table: reason
  - id (Integer, primary key)
  - reason (Text, not null, unique)

Table: category_reason_association
  - category_id (Integer, FK -> category.id, primary key)
  - reason_id (Integer, FK -> reason.id, primary key)

Relationships:
  - category.reasons <-> reason.categories (many-to-many via category_reason_association)


BPMN Activity Field:
<ns0:subProcess xmlns:ns0=""http://www.omg.org/spec/BPMN/20100524/MODEL"" xmlns:ns1=""http://www.signavio.com"" id=""sid-300D14E9-E7D6-4A23-8995-CCDE30F8E78B"" name=""Prepare specific examination"">
      <ns0:extensionElements>
        <ns1:signavioMetaData metaKey=""bgcolor"" metaValue=""#ffffcc"" />
        <ns1:signavioMetaData metaKey=""bordercolor"" metaValue=""#000000"" />
        <ns1:signavioMetaData metaKey=""entry"" metaValue=""/model/26221e21b13f4a6e9d7281fb79365c41"" />
      </ns0:extensionElements>
      <ns0:incoming>sid-95E04207-8356-4B7F-8525-895A2A87ABF1</ns0:incoming>
      <ns0:outgoing>sid-2F6F9A61-E702-417B-A7B9-F3E3A6FC7BCA</ns0:outgoing>
    </ns0:subProcess>
    

Generated SQL:
SELECT r.reason FROM reason r JOIN category_reason_association cra ON r.id = cra.reason_id JOIN category c ON cra.category_id = c.id WHERE c.name = 'Storage';

Error:


Intent:
Storage

Reason of Intent:
Collects personal health data – gathers health information about natural persons.
Stores personal data – saves information in databases, systems, or files.,Stores personal data – saves information in databases, systems, or files., Stores personal data – saves information in databases, systems, or files.,Stores personal data – saves information in databases, systems, or files.
    ,Stores personal data – saves information in databases, systems, or files.
Accesses personal data – retrieves or makes data available to users or systems.,Storage of personal employment related data,Stores personal data – saves information in databases, systems, or files. If the customer is a natural person or the organization has a contact person.,Uses personal data (to decide medication), Stores personal data (in medical records)",SELECT r.reason FROM reason r JOIN category_reason_association cra ON r.id = cra.reason_id JOIN category c ON cra.category_id = c.id WHERE c.name = 'Storage';
,"[{'role': 'system', 'content': ''}, {'role': 'user', 'content': 'Validate the following SQL query.\n\nActivity field:\n<ns0:subProcess xmlns:ns0=""http://www.omg.org/spec/BPMN/20100524/MODEL"" xmlns:ns1=""http://www.signavio.com"" id=""sid-300D14E9-E7D6-4A23-8995-CCDE30F8E78B"" name=""Prepare specific examination"">\n      <ns0:extensionElements>\n        <ns1:signavioMetaData metaKey=""bgcolor"" metaValue=""#ffffcc"" />\n        <ns1:signavioMetaData metaKey=""bordercolor"" metaValue=""#000000"" />\n        <ns1:signavioMetaData metaKey=""entry"" metaValue=""/model/26221e21b13f4a6e9d7281fb79365c41"" />\n      </ns0:extensionElements>\n      <ns0:incoming>sid-95E04207-8356-4B7F-8525-895A2A87ABF1</ns0:incoming>\n      <ns0:outgoing>sid-2F6F9A61-E702-417B-A7B9-F3E3A6FC7BCA</ns0:outgoing>\n    </ns0:subProcess>\n    \n\nDatabase schema:\nTable: category\n  - id (Integer, primary key)\n  - name (String(255), unique, not null)\n\nTable: reason\n  - id (Integer, primary key)\n  - reason (Text, not null, unique)\n\nTable: category_reason_association\n  - category_id (Integer, FK -> category.id, primary key)\n  - reason_id (Integer, FK -> reason.id, primary key)\n\nRelationships:\n  - category.reasons <-> reason.categories (many-to-many via category_reason_association)\n\n\nCurrent intention:\nStorage\n\nCurrent SQL query:\nSELECT r.reason FROM reason r JOIN category_reason_association cra ON r.id = cra.reason_id JOIN category c ON cra.category_id = c.id WHERE c.name = \'Storage\';'}, {'role': 'user', 'content': 'Die verfügbaren Intentionen sind: [""Collection"", ""Storage"", ""Usage"", ""Transferal"", ""Updated"", ""Deletion"", ""Access""]'}, {'role': 'user', 'content': 'Die verfügbaren Reasons der category  sind: [""Collects personal health data \\u2013 gathers health information about natural persons.\\nStores personal data \\u2013 saves information in databases, systems, or files."", ""Stores personal data \\u2013 saves information in databases, systems, or files."", "" Stores personal data \\u2013 saves information in databases, systems, or files."", ""Stores personal data \\u2013 saves information in databases, systems, or files.\\n    "", ""Stores personal data \\u2013 saves information in databases, systems, or files.\\nAccesses personal data \\u2013 retrieves or makes data available to users or systems."", ""Storage of personal employment related data"", ""Stores personal data \\u2013 saves information in databases, systems, or files. If the customer is a natural person or the organization has a contact person."", ""Uses personal data (to decide medication), Stores personal data (in medical records)""]'}]","intention_status='unchanged' reason_status='unchanged' intention='Storage' reason='Stores personal data – saves information in databases, systems, or files.' final_query=""SELECT r.reason FROM reason r JOIN category_reason_association cra ON r.id = cra.reason_id JOIN category c ON cra.category_id = c.id WHERE c.name = 'Storage';"""
"<role>
You are a strict SQL query correction engine.
</role>

<instructions>
You will receive a SQL query and an error message.

1. If the error message is empty or missing, return the given SQL query EXACTLY as provided, without any modification.
2. If the error message is not empty, analyze it and produce a corrected version of the given SQL query that fixes the described error. Keep all other parts of the query unchanged; only fix what the error requires.
3. If the query contains the wrong value in the where clause of the reason table, correct the query with the correct value.
4. Never explain your reasoning, never add comments, never add markdown code fences.
5. Output ONLY a single valid JSON object in exactly this format, with no additional text before or after it:
{""final_query"": ""GENERATED_SQL""}
6. The value of ""final_query"" must be a single valid SQL string. Escape any double quotes or newlines inside it so the JSON stays valid.
</instructions>","Database schema:
Table: category
  - id (Integer, primary key)
  - name (String(255), unique, not null)

Table: reason
  - id (Integer, primary key)
  - reason (Text, not null, unique)

Table: category_reason_association
  - category_id (Integer, FK -> category.id, primary key)
  - reason_id (Integer, FK -> reason.id, primary key)

Relationships:
  - category.reasons <-> reason.categories (many-to-many via category_reason_association)


BPMN Activity Field:
<ns0:subProcess xmlns:ns0=""http://www.omg.org/spec/BPMN/20100524/MODEL"" xmlns:ns1=""http://www.signavio.com"" id=""sid-11A84B06-08F5-40CE-AB04-2BF331C30CAB"" name=""Prepare specific examination"">
      <ns0:extensionElements>
        <ns1:signavioMetaData metaKey=""bgcolor"" metaValue=""#ffffcc"" />
        <ns1:signavioMetaData metaKey=""bordercolor"" metaValue=""#000000"" />
        <ns1:signavioMetaData metaKey=""entry"" metaValue=""/model/26221e21b13f4a6e9d7281fb79365c41"" />
      </ns0:extensionElements>
      <ns0:incoming>sid-2534307C-53F9-4137-BE2E-43C54EDF9431</ns0:incoming>
      <ns0:outgoing>sid-00F15C67-374F-4624-AEA1-2C51D70FAC53</ns0:outgoing>
    </ns0:subProcess>
    

Generated SQL:
SELECT r.id, r.reason FROM reason r JOIN category_reason_association cra ON r.id = cra.reason_id JOIN category c ON cra.category_id = c.id WHERE c.name = 'Usage';

Error:


Intent:
Usage

Reason of Intent:
Uses personal data – processes data for operational, analytical, or business purposes.,Uses personal data - processes data for operational, analytical, or business purposes.,Uses personal data – processes data for operational, analytical, or business purposes
,Uses personal data – processes data for operational, analytical, or business purposes. If the customer is a natural person or the organization has a contact person.,Uses personal data – processes data for operational, analytical, or business purposes. If the customer is a natural person or a n organization with a contact person. If the customer is a natural person or a n organization with a contact person.,Uses personal data – processes data for operational, analytical, or business purposes,Uses personal data (to decide medication), Stores personal data (in medical records),Uses personal data – processes data for operational, analytical, or business purposes.
Collects personal health data – gathers health information about natural persons.","SELECT r.id, r.reason FROM reason r JOIN category_reason_association cra ON r.id = cra.reason_id JOIN category c ON cra.category_id = c.id WHERE c.name = 'Usage';"
,"[{'role': 'system', 'content': ''}, {'role': 'user', 'content': 'Validate the following SQL query.\n\nActivity field:\n<ns0:subProcess xmlns:ns0=""http://www.omg.org/spec/BPMN/20100524/MODEL"" xmlns:ns1=""http://www.signavio.com"" id=""sid-11A84B06-08F5-40CE-AB04-2BF331C30CAB"" name=""Prepare specific examination"">\n      <ns0:extensionElements>\n        <ns1:signavioMetaData metaKey=""bgcolor"" metaValue=""#ffffcc"" />\n        <ns1:signavioMetaData metaKey=""bordercolor"" metaValue=""#000000"" />\n        <ns1:signavioMetaData metaKey=""entry"" metaValue=""/model/26221e21b13f4a6e9d7281fb79365c41"" />\n      </ns0:extensionElements>\n      <ns0:incoming>sid-2534307C-53F9-4137-BE2E-43C54EDF9431</ns0:incoming>\n      <ns0:outgoing>sid-00F15C67-374F-4624-AEA1-2C51D70FAC53</ns0:outgoing>\n    </ns0:subProcess>\n    \n\nDatabase schema:\nTable: category\n  - id (Integer, primary key)\n  - name (String(255), unique, not null)\n\nTable: reason\n  - id (Integer, primary key)\n  - reason (Text, not null, unique)\n\nTable: category_reason_association\n  - category_id (Integer, FK -> category.id, primary key)\n  - reason_id (Integer, FK -> reason.id, primary key)\n\nRelationships:\n  - category.reasons <-> reason.categories (many-to-many via category_reason_association)\n\n\nCurrent intention:\nUsage\n\nCurrent SQL query:\nSELECT r.id, r.reason FROM reason r JOIN category_reason_association cra ON r.id = cra.reason_id JOIN category c ON cra.category_id = c.id WHERE c.name = \'Usage\';'}, {'role': 'user', 'content': 'Die verfügbaren Intentionen sind: [""Collection"", ""Storage"", ""Usage"", ""Transferal"", ""Updated"", ""Deletion"", ""Access""]'}, {'role': 'user', 'content': 'Die verfügbaren Reasons der category  sind: [""Uses personal data \\u2013 processes data for operational, analytical, or business purposes."", ""Uses personal data - processes data for operational, analytical, or business purposes."", ""Uses personal data \\u2013 processes data for operational, analytical, or business purposes\\n"", ""Uses personal data \\u2013 processes data for operational, analytical, or business purposes. If the customer is a natural person or the organization has a contact person."", ""Uses personal data \\u2013 processes data for operational, analytical, or business purposes. If the customer is a natural person or a n organization with a contact person. If the customer is a natural person or a n organization with a contact person."", ""Uses personal data \\u2013 processes data for operational, analytical, or business purposes"", ""Uses personal data (to decide medication), Stores personal data (in medical records)"", ""Uses personal data \\u2013 processes data for operational, analytical, or business purposes.\\nCollects personal health data \\u2013 gathers health information about natural persons.""]'}]","intention_status='unchanged' reason_status='unchanged' intention='Usage' reason=""The query correctly selects the id and reason from the reason table for the category named 'Usage' using the proper joins on the association table."" final_query=""SELECT r.id, r.reason FROM reason r JOIN category_reason_association cra ON r.id = cra.reason_id JOIN category c ON cra.category_id = c.id WHERE c.name = 'Usage';"""
"<role>
You are a strict SQL query correction engine.
</role>

<instructions>
You will receive a SQL query and an error message.

1. If the error message is empty or missing, return the given SQL query EXACTLY as provided, without any modification.
2. If the error message is not empty, analyze it and produce a corrected version of the given SQL query that fixes the described error. Keep all other parts of the query unchanged; only fix what the error requires.
3. If the query contains the wrong value in the where clause of the reason table, correct the query with the correct value.
4. Never explain your reasoning, never add comments, never add markdown code fences.
5. Output ONLY a single valid JSON object in exactly this format, with no additional text before or after it:
{""final_query"": ""GENERATED_SQL""}
6. The value of ""final_query"" must be a single valid SQL string. Escape any double quotes or newlines inside it so the JSON stays valid.
</instructions>","Database schema:
Table: category
  - id (Integer, primary key)
  - name (String(255), unique, not null)

Table: reason
  - id (Integer, primary key)
  - reason (Text, not null, unique)

Table: category_reason_association
  - category_id (Integer, FK -> category.id, primary key)
  - reason_id (Integer, FK -> reason.id, primary key)

Relationships:
  - category.reasons <-> reason.categories (many-to-many via category_reason_association)


BPMN Activity Field:
<ns0:task xmlns:ns0=""http://www.omg.org/spec/BPMN/20100524/MODEL"" xmlns:ns1=""http://www.signavio.com"" id=""sid-16D416AC-6FB8-4181-9AA8-29DBB2A6E0D9"" name=""Perform CT/NMR of abdomen"">
      <ns0:extensionElements>
        <ns1:signavioMetaData metaKey=""bgcolor"" metaValue=""#ffffcc"" />
        <ns1:signavioMetaData metaKey=""bordercolor"" metaValue=""#000000"" />
      </ns0:extensionElements>
      <ns0:incoming>sid-2F6F9A61-E702-417B-A7B9-F3E3A6FC7BCA</ns0:incoming>
      <ns0:outgoing>sid-948DB55D-A867-4532-91E5-95900A0FE889</ns0:outgoing>
    </ns0:task>
    

Generated SQL:
SELECT r.reason FROM reason r JOIN category_reason_association cra ON r.id = cra.reason_id JOIN category c ON cra.category_id = c.id WHERE c.name = 'Usage';

Error:


Intent:
Usage

Reason of Intent:
Uses personal data – processes data for operational, analytical, or business purposes.,Uses personal data - processes data for operational, analytical, or business purposes.,Uses personal data – processes data for operational, analytical, or business purposes
,Uses personal data – processes data for operational, analytical, or business purposes. If the customer is a natural person or the organization has a contact person.,Uses personal data – processes data for operational, analytical, or business purposes. If the customer is a natural person or a n organization with a contact person. If the customer is a natural person or a n organization with a contact person.,Uses personal data – processes data for operational, analytical, or business purposes,Uses personal data (to decide medication), Stores personal data (in medical records),Uses personal data – processes data for operational, analytical, or business purposes.
Collects personal health data – gathers health information about natural persons.",SELECT r.reason FROM reason r JOIN category_reason_association cra ON r.id = cra.reason_id JOIN category c ON cra.category_id = c.id WHERE c.name = 'Usage';
,"[{'role': 'system', 'content': ''}, {'role': 'user', 'content': 'Validate the following SQL query.\n\nActivity field:\n<ns0:task xmlns:ns0=""http://www.omg.org/spec/BPMN/20100524/MODEL"" xmlns:ns1=""http://www.signavio.com"" id=""sid-16D416AC-6FB8-4181-9AA8-29DBB2A6E0D9"" name=""Perform CT/NMR of abdomen"">\n      <ns0:extensionElements>\n        <ns1:signavioMetaData metaKey=""bgcolor"" metaValue=""#ffffcc"" />\n        <ns1:signavioMetaData metaKey=""bordercolor"" metaValue=""#000000"" />\n      </ns0:extensionElements>\n      <ns0:incoming>sid-2F6F9A61-E702-417B-A7B9-F3E3A6FC7BCA</ns0:incoming>\n      <ns0:outgoing>sid-948DB55D-A867-4532-91E5-95900A0FE889</ns0:outgoing>\n    </ns0:task>\n    \n\nDatabase schema:\nTable: category\n  - id (Integer, primary key)\n  - name (String(255), unique, not null)\n\nTable: reason\n  - id (Integer, primary key)\n  - reason (Text, not null, unique)\n\nTable: category_reason_association\n  - category_id (Integer, FK -> category.id, primary key)\n  - reason_id (Integer, FK -> reason.id, primary key)\n\nRelationships:\n  - category.reasons <-> reason.categories (many-to-many via category_reason_association)\n\n\nCurrent intention:\nUsage\n\nCurrent SQL query:\nSELECT r.reason FROM reason r JOIN category_reason_association cra ON r.id = cra.reason_id JOIN category c ON cra.category_id = c.id WHERE c.name = \'Usage\';'}, {'role': 'user', 'content': 'Die verfügbaren Intentionen sind: [""Collection"", ""Storage"", ""Usage"", ""Transferal"", ""Updated"", ""Deletion"", ""Access""]'}, {'role': 'user', 'content': 'Die verfügbaren Reasons der category  sind: [""Uses personal data \\u2013 processes data for operational, analytical, or business purposes."", ""Uses personal data - processes data for operational, analytical, or business purposes."", ""Uses personal data \\u2013 processes data for operational, analytical, or business purposes\\n"", ""Uses personal data \\u2013 processes data for operational, analytical, or business purposes. If the customer is a natural person or the organization has a contact person."", ""Uses personal data \\u2013 processes data for operational, analytical, or business purposes. If the customer is a natural person or a n organization with a contact person. If the customer is a natural person or a n organization with a contact person."", ""Uses personal data \\u2013 processes data for operational, analytical, or business purposes"", ""Uses personal data (to decide medication), Stores personal data (in medical records)"", ""Uses personal data \\u2013 processes data for operational, analytical, or business purposes.\\nCollects personal health data \\u2013 gathers health information about natural persons.""]'}]","intention_status='unchanged' reason_status='unchanged' intention='Usage' reason='Uses personal data – processes data for operational, analytical, or business purposes.' final_query=""SELECT r.reason FROM reason r JOIN category_reason_association cra ON r.id = cra.reason_id JOIN category c ON cra.category_id = c.id WHERE c.name = 'Usage';"""
"<role>
You are a strict SQL query correction engine.
</role>

<instructions>
You will receive a SQL query and an error message.

1. If the error message is empty or missing, return the given SQL query EXACTLY as provided, without any modification.
2. If the error message is not empty, analyze it and produce a corrected version of the given SQL query that fixes the described error. Keep all other parts of the query unchanged; only fix what the error requires.
3. If the query contains the wrong value in the where clause of the reason table, correct the query with the correct value.
4. Never explain your reasoning, never add comments, never add markdown code fences.
5. Output ONLY a single valid JSON object in exactly this format, with no additional text before or after it:
{""final_query"": ""GENERATED_SQL""}
6. The value of ""final_query"" must be a single valid SQL string. Escape any double quotes or newlines inside it so the JSON stays valid.
</instructions>","Database schema:
Table: category
  - id (Integer, primary key)
  - name (String(255), unique, not null)

Table: reason
  - id (Integer, primary key)
  - reason (Text, not null, unique)

Table: category_reason_association
  - category_id (Integer, FK -> category.id, primary key)
  - reason_id (Integer, FK -> reason.id, primary key)

Relationships:
  - category.reasons <-> reason.categories (many-to-many via category_reason_association)


BPMN Activity Field:
<ns0:task xmlns:ns0=""http://www.omg.org/spec/BPMN/20100524/MODEL"" xmlns:ns1=""http://www.signavio.com"" id=""sid-837A0306-939D-49DF-8275-B415673F5615"" name=""Perform colon contrast image"">
      <ns0:extensionElements>
        <ns1:signavioMetaData metaKey=""bgcolor"" metaValue=""#ffffcc"" />
        <ns1:signavioMetaData metaKey=""bordercolor"" metaValue=""#000000"" />
      </ns0:extensionElements>
      <ns0:incoming>sid-00F15C67-374F-4624-AEA1-2C51D70FAC53</ns0:incoming>
      <ns0:outgoing>sid-971B9BFB-92DD-4236-86DF-01D31B76A0A3</ns0:outgoing>
    </ns0:task>
    

Generated SQL:
SELECT r.reason FROM reason r JOIN category_reason_association cra ON r.id = cra.reason_id JOIN category c ON cra.category_id = c.id WHERE c.name = 'Collection';

Error:


Intent:
Collection

Reason of Intent:
Collects personal data – gathers information about natural persons., Collects personal data – gathers information about natural persons (PersonalID, departmentID, Time schedule),Collects personal data – gathers information about natural persons (e.g., name, email).,Collects personal data – gathers information about natural persons (speech).,Collects personal health data – gathers health information about natural persons.,Collects personal health data – gathers health information about natural persons.
Stores personal data – saves information in databases, systems, or files.,Patient transport data is filled into a form which includes personal data such as weight, height, name, age etc,Uses personal data – processes data for operational, analytical, or business purposes.
Collects personal health data – gathers health information about natural persons.",SELECT r.reason FROM reason r JOIN category_reason_association cra ON r.id = cra.reason_id JOIN category c ON cra.category_id = c.id WHERE c.name = 'Collection';
,"[{'role': 'system', 'content': ''}, {'role': 'user', 'content': 'Validate the following SQL query.\n\nActivity field:\n<ns0:task xmlns:ns0=""http://www.omg.org/spec/BPMN/20100524/MODEL"" xmlns:ns1=""http://www.signavio.com"" id=""sid-837A0306-939D-49DF-8275-B415673F5615"" name=""Perform colon contrast image"">\n      <ns0:extensionElements>\n        <ns1:signavioMetaData metaKey=""bgcolor"" metaValue=""#ffffcc"" />\n        <ns1:signavioMetaData metaKey=""bordercolor"" metaValue=""#000000"" />\n      </ns0:extensionElements>\n      <ns0:incoming>sid-00F15C67-374F-4624-AEA1-2C51D70FAC53</ns0:incoming>\n      <ns0:outgoing>sid-971B9BFB-92DD-4236-86DF-01D31B76A0A3</ns0:outgoing>\n    </ns0:task>\n    \n\nDatabase schema:\nTable: category\n  - id (Integer, primary key)\n  - name (String(255), unique, not null)\n\nTable: reason\n  - id (Integer, primary key)\n  - reason (Text, not null, unique)\n\nTable: category_reason_association\n  - category_id (Integer, FK -> category.id, primary key)\n  - reason_id (Integer, FK -> reason.id, primary key)\n\nRelationships:\n  - category.reasons <-> reason.categories (many-to-many via category_reason_association)\n\n\nCurrent intention:\nCollection\n\nCurrent SQL query:\nSELECT r.reason FROM reason r JOIN category_reason_association cra ON r.id = cra.reason_id JOIN category c ON cra.category_id = c.id WHERE c.name = \'Collection\';'}, {'role': 'user', 'content': 'Die verfügbaren Intentionen sind: [""Collection"", ""Storage"", ""Usage"", ""Transferal"", ""Updated"", ""Deletion"", ""Access""]'}, {'role': 'user', 'content': 'Die verfügbaren Reasons der category  sind: [""Collects personal data \\u2013 gathers information about natural persons."", "" Collects personal data \\u2013 gathers information about natural persons (PersonalID, departmentID, Time schedule)"", ""Collects personal data \\u2013 gathers information about natural persons (e.g., name, email)."", ""Collects personal data \\u2013 gathers information about natural persons (speech)."", ""Collects personal health data \\u2013 gathers health information about natural persons."", ""Collects personal health data \\u2013 gathers health information about natural persons.\\nStores personal data \\u2013 saves information in databases, systems, or files."", ""Patient transport data is filled into a form which includes personal data such as weight, height, name, age etc"", ""Uses personal data \\u2013 processes data for operational, analytical, or business purposes.\\nCollects personal health data \\u2013 gathers health information about natural persons.""]'}]","intention_status='unchanged' reason_status='unchanged' intention='Collection' reason=""The query correctly joins the reason, category_reason_association, and category tables and filters by the category name 'Collection' to retrieve all associated reasons, matching the schema and intended use."" final_query=""SELECT r.reason FROM reason r JOIN category_reason_association cra ON r.id = cra.reason_id JOIN category c ON cra.category_id = c.id WHERE c.name = 'Collection';"""
"<role>
You are a strict SQL query correction engine.
</role>

<instructions>
You will receive a SQL query and an error message.

1. If the error message is empty or missing, return the given SQL query EXACTLY as provided, without any modification.
2. If the error message is not empty, analyze it and produce a corrected version of the given SQL query that fixes the described error. Keep all other parts of the query unchanged; only fix what the error requires.
3. If the query contains the wrong value in the where clause of the reason table, correct the query with the correct value.
4. Never explain your reasoning, never add comments, never add markdown code fences.
5. Output ONLY a single valid JSON object in exactly this format, with no additional text before or after it:
{""final_query"": ""GENERATED_SQL""}
6. The value of ""final_query"" must be a single valid SQL string. Escape any double quotes or newlines inside it so the JSON stays valid.
</instructions>","Database schema:
Table: category
  - id (Integer, primary key)
  - name (String(255), unique, not null)

Table: reason
  - id (Integer, primary key)
  - reason (Text, not null, unique)

Table: category_reason_association
  - category_id (Integer, FK -> category.id, primary key)
  - reason_id (Integer, FK -> reason.id, primary key)

Relationships:
  - category.reasons <-> reason.categories (many-to-many via category_reason_association)


BPMN Activity Field:
<ns0:subProcess xmlns:ns0=""http://www.omg.org/spec/BPMN/20100524/MODEL"" xmlns:ns1=""http://www.signavio.com"" id=""sid-8B8E2BE9-ED6E-47E6-844D-4A93C4210D97"" name=""Prepare specific examination"">
      <ns0:extensionElements>
        <ns1:signavioMetaData metaKey=""bgcolor"" metaValue=""#ffffcc"" />
        <ns1:signavioMetaData metaKey=""bordercolor"" metaValue=""#000000"" />
        <ns1:signavioMetaData metaKey=""entry"" metaValue=""/model/26221e21b13f4a6e9d7281fb79365c41"" />
      </ns0:extensionElements>
      <ns0:incoming>sid-8EF4D1BD-B779-49F5-824C-D411CF1362A2</ns0:incoming>
      <ns0:outgoing>sid-F9203A2A-745A-4288-ADB4-D3B96EAB9517</ns0:outgoing>
    </ns0:subProcess>
    

Generated SQL:
SELECT r.reason FROM reason r JOIN category_reason_association cra ON r.id = cra.reason_id JOIN category c ON cra.category_id = c.id WHERE c.name = 'Usage';

Error:


Intent:
Usage

Reason of Intent:
Uses personal data – processes data for operational, analytical, or business purposes.,Uses personal data - processes data for operational, analytical, or business purposes.,Uses personal data – processes data for operational, analytical, or business purposes
,Uses personal data – processes data for operational, analytical, or business purposes. If the customer is a natural person or the organization has a contact person.,Uses personal data – processes data for operational, analytical, or business purposes. If the customer is a natural person or a n organization with a contact person. If the customer is a natural person or a n organization with a contact person.,Uses personal data – processes data for operational, analytical, or business purposes,Uses personal data (to decide medication), Stores personal data (in medical records),Uses personal data – processes data for operational, analytical, or business purposes.
Collects personal health data – gathers health information about natural persons.",SELECT r.reason FROM reason r JOIN category_reason_association cra ON r.id = cra.reason_id JOIN category c ON cra.category_id = c.id WHERE c.name = 'Usage';
,"[{'role': 'system', 'content': ''}, {'role': 'user', 'content': 'Validate the following SQL query.\n\nActivity field:\n<ns0:subProcess xmlns:ns0=""http://www.omg.org/spec/BPMN/20100524/MODEL"" xmlns:ns1=""http://www.signavio.com"" id=""sid-8B8E2BE9-ED6E-47E6-844D-4A93C4210D97"" name=""Prepare specific examination"">\n      <ns0:extensionElements>\n        <ns1:signavioMetaData metaKey=""bgcolor"" metaValue=""#ffffcc"" />\n        <ns1:signavioMetaData metaKey=""bordercolor"" metaValue=""#000000"" />\n        <ns1:signavioMetaData metaKey=""entry"" metaValue=""/model/26221e21b13f4a6e9d7281fb79365c41"" />\n      </ns0:extensionElements>\n      <ns0:incoming>sid-8EF4D1BD-B779-49F5-824C-D411CF1362A2</ns0:incoming>\n      <ns0:outgoing>sid-F9203A2A-745A-4288-ADB4-D3B96EAB9517</ns0:outgoing>\n    </ns0:subProcess>\n    \n\nDatabase schema:\nTable: category\n  - id (Integer, primary key)\n  - name (String(255), unique, not null)\n\nTable: reason\n  - id (Integer, primary key)\n  - reason (Text, not null, unique)\n\nTable: category_reason_association\n  - category_id (Integer, FK -> category.id, primary key)\n  - reason_id (Integer, FK -> reason.id, primary key)\n\nRelationships:\n  - category.reasons <-> reason.categories (many-to-many via category_reason_association)\n\n\nCurrent intention:\nUsage\n\nCurrent SQL query:\nSELECT r.reason FROM reason r JOIN category_reason_association cra ON r.id = cra.reason_id JOIN category c ON cra.category_id = c.id WHERE c.name = \'Usage\';'}, {'role': 'user', 'content': 'Die verfügbaren Intentionen sind: [""Collection"", ""Storage"", ""Usage"", ""Transferal"", ""Updated"", ""Deletion"", ""Access""]'}, {'role': 'user', 'content': 'Die verfügbaren Reasons der category  sind: [""Uses personal data \\u2013 processes data for operational, analytical, or business purposes."", ""Uses personal data - processes data for operational, analytical, or business purposes."", ""Uses personal data \\u2013 processes data for operational, analytical, or business purposes\\n"", ""Uses personal data \\u2013 processes data for operational, analytical, or business purposes. If the customer is a natural person or the organization has a contact person."", ""Uses personal data \\u2013 processes data for operational, analytical, or business purposes. If the customer is a natural person or a n organization with a contact person. If the customer is a natural person or a n organization with a contact person."", ""Uses personal data \\u2013 processes data for operational, analytical, or business purposes"", ""Uses personal data (to decide medication), Stores personal data (in medical records)"", ""Uses personal data \\u2013 processes data for operational, analytical, or business purposes.\\nCollects personal health data \\u2013 gathers health information about natural persons.""]'}]","intention_status='unchanged' reason_status='unchanged' intention='Usage' reason='Uses personal data – processes data for operational, analytical, or business purposes.' final_query=""SELECT r.reason FROM reason r JOIN category_reason_association cra ON r.id = cra.reason_id JOIN category c ON cra.category_id = c.id WHERE c.name = 'Usage';"""
"<role>
You are a strict SQL query correction engine.
</role>

<instructions>
You will receive a SQL query and an error message.

1. If the error message is empty or missing, return the given SQL query EXACTLY as provided, without any modification.
2. If the error message is not empty, analyze it and produce a corrected version of the given SQL query that fixes the described error. Keep all other parts of the query unchanged; only fix what the error requires.
3. If the query contains the wrong value in the where clause of the reason table, correct the query with the correct value.
4. Never explain your reasoning, never add comments, never add markdown code fences.
5. Output ONLY a single valid JSON object in exactly this format, with no additional text before or after it:
{""final_query"": ""GENERATED_SQL""}
6. The value of ""final_query"" must be a single valid SQL string. Escape any double quotes or newlines inside it so the JSON stays valid.
</instructions>","Database schema:
Table: category
  - id (Integer, primary key)
  - name (String(255), unique, not null)

Table: reason
  - id (Integer, primary key)
  - reason (Text, not null, unique)

Table: category_reason_association
  - category_id (Integer, FK -> category.id, primary key)
  - reason_id (Integer, FK -> reason.id, primary key)

Relationships:
  - category.reasons <-> reason.categories (many-to-many via category_reason_association)


BPMN Activity Field:
<ns0:task xmlns:ns0=""http://www.omg.org/spec/BPMN/20100524/MODEL"" xmlns:ns1=""http://www.signavio.com"" id=""sid-BA9086B2-174A-4D59-A1BD-99235EE489C2"" name=""Perform gastrointestinal tract"">
      <ns0:extensionElements>
        <ns1:signavioMetaData metaKey=""bgcolor"" metaValue=""#ffffcc"" />
        <ns1:signavioMetaData metaKey=""bordercolor"" metaValue=""#000000"" />
      </ns0:extensionElements>
      <ns0:incoming>sid-F9203A2A-745A-4288-ADB4-D3B96EAB9517</ns0:incoming>
      <ns0:outgoing>sid-56B7E2C3-E4FF-44A0-8C39-3A48B06F3BE8</ns0:outgoing>
    </ns0:task>
    

Generated SQL:
SELECT r.reason FROM reason r JOIN category_reason_association cra ON r.id = cra.reason_id JOIN category c ON c.id = cra.category_id WHERE c.name = 'Usage';

Error:


Intent:
Usage

Reason of Intent:
Uses personal data – processes data for operational, analytical, or business purposes.,Uses personal data - processes data for operational, analytical, or business purposes.,Uses personal data – processes data for operational, analytical, or business purposes
,Uses personal data – processes data for operational, analytical, or business purposes. If the customer is a natural person or the organization has a contact person.,Uses personal data – processes data for operational, analytical, or business purposes. If the customer is a natural person or a n organization with a contact person. If the customer is a natural person or a n organization with a contact person.,Uses personal data – processes data for operational, analytical, or business purposes,Uses personal data (to decide medication), Stores personal data (in medical records),Uses personal data – processes data for operational, analytical, or business purposes.
Collects personal health data – gathers health information about natural persons.",SELECT r.reason FROM reason r JOIN category_reason_association cra ON r.id = cra.reason_id JOIN category c ON c.id = cra.category_id WHERE c.name = 'Usage';
,"[{'role': 'system', 'content': ''}, {'role': 'user', 'content': 'Validate the following SQL query.\n\nActivity field:\n<ns0:task xmlns:ns0=""http://www.omg.org/spec/BPMN/20100524/MODEL"" xmlns:ns1=""http://www.signavio.com"" id=""sid-BA9086B2-174A-4D59-A1BD-99235EE489C2"" name=""Perform gastrointestinal tract"">\n      <ns0:extensionElements>\n        <ns1:signavioMetaData metaKey=""bgcolor"" metaValue=""#ffffcc"" />\n        <ns1:signavioMetaData metaKey=""bordercolor"" metaValue=""#000000"" />\n      </ns0:extensionElements>\n      <ns0:incoming>sid-F9203A2A-745A-4288-ADB4-D3B96EAB9517</ns0:incoming>\n      <ns0:outgoing>sid-56B7E2C3-E4FF-44A0-8C39-3A48B06F3BE8</ns0:outgoing>\n    </ns0:task>\n    \n\nDatabase schema:\nTable: category\n  - id (Integer, primary key)\n  - name (String(255), unique, not null)\n\nTable: reason\n  - id (Integer, primary key)\n  - reason (Text, not null, unique)\n\nTable: category_reason_association\n  - category_id (Integer, FK -> category.id, primary key)\n  - reason_id (Integer, FK -> reason.id, primary key)\n\nRelationships:\n  - category.reasons <-> reason.categories (many-to-many via category_reason_association)\n\n\nCurrent intention:\nUsage\n\nCurrent SQL query:\nSELECT r.reason FROM reason r JOIN category_reason_association cra ON r.id = cra.reason_id JOIN category c ON c.id = cra.category_id WHERE c.name = \'Usage\';'}, {'role': 'user', 'content': 'Die verfügbaren Intentionen sind: [""Collection"", ""Storage"", ""Usage"", ""Transferal"", ""Updated"", ""Deletion"", ""Access""]'}, {'role': 'user', 'content': 'Die verfügbaren Reasons der category  sind: [""Uses personal data \\u2013 processes data for operational, analytical, or business purposes."", ""Uses personal data - processes data for operational, analytical, or business purposes."", ""Uses personal data \\u2013 processes data for operational, analytical, or business purposes\\n"", ""Uses personal data \\u2013 processes data for operational, analytical, or business purposes. If the customer is a natural person or the organization has a contact person."", ""Uses personal data \\u2013 processes data for operational, analytical, or business purposes. If the customer is a natural person or a n organization with a contact person. If the customer is a natural person or a n organization with a contact person."", ""Uses personal data \\u2013 processes data for operational, analytical, or business purposes"", ""Uses personal data (to decide medication), Stores personal data (in medical records)"", ""Uses personal data \\u2013 processes data for operational, analytical, or business purposes.\\nCollects personal health data \\u2013 gathers health information about natural persons.""]'}]","intention_status='unchanged' reason_status='unchanged' intention='Usage' reason='Query correctly retrieves reasons for the specified category using proper joins.' final_query=""SELECT r.reason FROM reason r JOIN category_reason_association cra ON r.id = cra.reason_id JOIN category c ON c.id = cra.category_id WHERE c.name = 'Usage';"""
